Run,N,CUDA-Q Target,Shots,BF-DCQO Iters,Theta Cutoff,Alpha,Kappa,T,Trotter Steps,Population (k),MTS Max Iter,MTS p_sample,MTS p_mutate,MTS tabu_steps,MTS tabu_tenure,Best E,Q Sample Time,MTS Conv. Time,Total Time,Merit F.,Generations,Sequence
1,1,,1000,7,0.04,0.01,5.0,1.0,100,12,1000,0.5,0.02,60,10,0,0.128162,0.000000000000,0.129138,N/A,0,+
1,2,,1000,7,0.04,0.01,5.0,1.0,100,12,1000,0.5,0.02,60,10,1,0.0126406,0.000000000000,0.16051,2,1000,++
1,3,,1000,7,0.04,0.01,5.0,1.0,100,12,1000,0.5,0.02,60,10,1,0.0178261,0.000000000000,0.187994,4.5,1000,+--
1,4,,1000,7,0.04,0.01,5.0,1.0,100,12,1000,0.5,0.02,60,10,2,0.0156334,0.000000000000,0.23558,4,1000,-+--
1,5,,1000,7,0.04,0.01,5.0,1.0,100,12,1000,0.5,0.02,60,10,2,0.0205502,0.000000000000,0.289226,6.25,1000,+++-+
1,6,,1000,7,0.04,0.01,5.0,1.0,100,12,1000,0.5,0.02,60,10,7,0.0249812,0.000000000000,0.349371,2.57143,1000,+--+++
1,7,,1000,7,0.04,0.01,5.0,1.0,100,12,1000,0.5,0.02,60,10,3,0.0333186,0.000000000000,0.415641,8.16667,1000,+-++---
1,8,,1000,7,0.04,0.01,5.0,1.0,100,12,1000,0.5,0.02,60,10,8,0.0461707,0.000000000000,0.49033,4,1000,-+-++---
1,9,,1000,7,0.04,0.01,5.0,1.0,100,12,1000,0.5,0.02,60,10,12,0.0792654,0.000000000000,0.592861,3.375,1000,++--+-+++
1,10,,1000,7,0.04,0.01,5.0,1.0,100,12,1000,0.5,0.02,60,10,13,0.0977143,0.000000000000,0.72149,3.84615,1000,+-+----++-
1,11,,1000,7,0.04,0.01,5.0,1.0,100,12,1000,0.5,0.02,60,10,5,0.126231,0.000000000000,0.878222,12.1,1000,+++---+--+-
1,12,,1000,7,0.04,0.01,5.0,1.0,100,12,1000,0.5,0.02,60,10,10,0.16006,0.000000000000,1.49679,7.2,1000,++++-+-++--+
1,13,,1000,7,0.04,0.01,5.0,1.0,100,12,1000,0.5,0.02,60,10,6,0.19259,0.071727514267,3.43681,14.0833,1000,-----++--+-+-
1,14,,1000,7,0.04,0.01,5.0,1.0,100,12,1000,0.5,0.02,60,10,19,0.277457,0.000000000000,3.68689,5.15789,1000,-++--++-+-++++
1,15,,1000,7,0.04,0.01,5.0,1.0,100,12,1000,0.5,0.02,60,10,15,0.304385,0.168168306351,3.87691,7.5,1000,-----++--++-+-+
1,16,,1000,7,0.04,0.01,5.0,1.0,100,12,1000,0.5,0.02,60,10,24,0.376105,0.018967866898,4.10324,5.33333,1000,++------+-+--++-
1,17,,1000,7,0.04,0.01,5.0,1.0,100,12,1000,0.5,0.02,60,10,32,0.480661,0.004157066345,4.35606,4.51562,1000,++-+-+--+--++----
1,18,,1000,7,0.04,0.01,5.0,1.0,100,12,1000,0.5,0.02,60,10,25,0.484517,0.004328250885,4.57251,6.48,1000,+--++-++++----+-+-
1,19,,1000,7,0.04,0.01,5.0,1.0,100,12,1000,0.5,0.02,60,10,29,0.534293,0.141982793808,4.76903,6.22414,1000,-+-++++++-+--++---+
1,20,,1000,7,0.04,0.01,5.0,1.0,100,12,1000,0.5,0.02,60,10,26,0.601125,0.136955499649,5.00365,7.69231,1000,-+-+----+----++-++--
1,21,,1000,7,0.04,0.01,5.0,1.0,100,12,1000,0.5,0.02,60,10,26,0.670863,0.503763914108,5.19764,8.48077,1000,-++-+-+-++--+++++++--
1,22,,1000,7,0.04,0.01,5.0,1.0,100,12,1000,0.5,0.02,60,10,39,0.745851,0.009784698486,5.43141,6.20513,1000,+-+-+--+--+++++++--+++
1,23,,1000,7,0.04,0.01,5.0,1.0,100,12,1000,0.5,0.02,60,10,47,0.816414,0.206849575043,5.67497,5.62766,1000,--+--+--+-+-++++++---++
1,24,,1000,7,0.04,0.01,5.0,1.0,100,12,1000,0.5,0.02,60,10,36,0.911173,0.875528097153,5.93778,8,1000,-++--+--+-+-+++++++---++
1,25,,1000,7,0.04,0.01,5.0,1.0,100,12,1000,0.5,0.02,60,10,36,1.00519,0.071997165680,6.1742,8.68056,1000,-+--+--+-+-+------+++--++
2,1,,1000,7,0.04,0.01,5.0,1.0,100,12,1000,0.5,0.02,60,10,0,0.011935,0.000000000000,0.0126851,N/A,0,+
2,2,,1000,7,0.04,0.01,5.0,1.0,100,12,1000,0.5,0.02,60,10,1,0.0105042,0.000000000000,0.146705,2,1000,++
2,3,,1000,7,0.04,0.01,5.0,1.0,100,12,1000,0.5,0.02,60,10,1,0.0160136,0.000000000000,0.186394,4.5,1000,++-
2,4,,1000,7,0.04,0.01,5.0,1.0,100,12,1000,0.5,0.02,60,10,2,0.014994,0.000000000000,0.22788,4,1000,+-++
2,5,,1000,7,0.04,0.01,5.0,1.0,100,12,1000,0.5,0.02,60,10,2,0.0184879,0.000000000000,0.286838,6.25,1000,---+-
2,6,,1000,7,0.04,0.01,5.0,1.0,100,12,1000,0.5,0.02,60,10,7,0.0247554,0.000000000000,0.338477,2.57143,1000,+++-+-
2,7,,1000,7,0.04,0.01,5.0,1.0,100,12,1000,0.5,0.02,60,10,3,0.0328921,0.000000000000,0.411685,8.16667,1000,---++-+
2,8,,1000,7,0.04,0.01,5.0,1.0,100,12,1000,0.5,0.02,60,10,8,0.0475389,0.000000000000,0.487858,4,1000,-++-+---
2,9,,1000,7,0.04,0.01,5.0,1.0,100,12,1000,0.5,0.02,60,10,12,0.0692756,0.000000000000,0.571625,3.375,1000,+-+--++++
2,10,,1000,7,0.04,0.01,5.0,1.0,100,12,1000,0.5,0.02,60,10,13,0.108161,0.000000000000,0.704775,3.84615,1000,+-+--+++++
2,11,,1000,7,0.04,0.01,5.0,1.0,100,12,1000,0.5,0.02,60,10,5,0.123265,0.000000000000,0.881669,12.1,1000,-+--+---+++
2,12,,1000,7,0.04,0.01,5.0,1.0,100,12,1000,0.5,0.02,60,10,10,0.174571,0.000000000000,1.53897,7.2,1000,++++-+-++--+
2,13,,1000,7,0.04,0.01,5.0,1.0,100,12,1000,0.5,0.02,60,10,6,0.207995,1.230315208435,3.46668,14.0833,1000,+-+-++--+++++
2,14,,1000,7,0.04,0.01,5.0,1.0,100,12,1000,0.5,0.02,60,10,19,0.245754,0.000000000000,3.6852,5.15789,1000,-+-++--++-----
2,15,,1000,7,0.04,0.01,5.0,1.0,100,12,1000,0.5,0.02,60,10,15,0.315312,0.011030912399,3.94155,7.5,1000,+-+-++--++-----
2,16,,1000,7,0.04,0.01,5.0,1.0,100,12,1000,0.5,0.02,60,10,24,0.373853,0.007694959641,4.1544,5.33333,1000,-+++-+++-+--+-++
2,17,,1000,7,0.04,0.01,5.0,1.0,100,12,1000,0.5,0.02,60,10,32,0.410774,0.004245042801,4.35359,4.51562,1000,---++++++-+-++--+
2,18,,1000,7,0.04,0.01,5.0,1.0,100,12,1000,0.5,0.02,60,10,25,0.487215,0.008465290070,4.58975,6.48,1000,+--++--+-+----++++
2,19,,1000,7,0.04,0.01,5.0,1.0,100,12,1000,0.5,0.02,60,10,29,0.541515,0.018443822861,4.81502,6.22414,1000,+-+------+-++--+++-
2,20,,1000,7,0.04,0.01,5.0,1.0,100,12,1000,0.5,0.02,60,10,26,0.605421,0.423383951187,5.03566,7.69231,1000,-----+-+++-+--+++--+
2,21,,1000,7,0.04,0.01,5.0,1.0,100,12,1000,0.5,0.02,60,10,26,0.671339,0.092523097992,5.24812,8.48077,1000,+--+-+-+--++-------++
2,22,,1000,7,0.04,0.01,5.0,1.0,100,12,1000,0.5,0.02,60,10,39,0.74935,0.065453529358,5.43249,6.20513,1000,+-+-+--+--+++++++--+++
2,23,,1000,7,0.04,0.01,5.0,1.0,100,12,1000,0.5,0.02,60,10,47,0.825105,0.019847154617,5.69685,5.62766,1000,-+++---++++++-+-+--+--+
2,24,,1000,7,0.04,0.01,5.0,1.0,100,12,1000,0.5,0.02,60,10,36,0.911342,0.030522108078,5.91527,8,1000,+--++-++-+-+-------+++--
2,25,,1000,7,0.04,0.01,5.0,1.0,100,12,1000,0.5,0.02,60,10,44,1.06175,0.010792016983,6.23452,7.10227,1000,++--+--++++----+----+-+-+
3,1,,1000,7,0.04,0.01,5.0,1.0,100,12,1000,0.5,0.02,60,10,0,0.0111381,0.000000000000,0.0118787,N/A,0,+
3,2,,1000,7,0.04,0.01,5.0,1.0,100,12,1000,0.5,0.02,60,10,1,0.0105434,0.000000000000,0.140221,2,1000,++
3,3,,1000,7,0.04,0.01,5.0,1.0,100,12,1000,0.5,0.02,60,10,1,0.0164717,0.000000000000,0.188476,4.5,1000,+--
3,4,,1000,7,0.04,0.01,5.0,1.0,100,12,1000,0.5,0.02,60,10,2,0.0152326,0.000000000000,0.235208,4,1000,-+--
3,5,,1000,7,0.04,0.01,5.0,1.0,100,12,1000,0.5,0.02,60,10,2,0.0186502,0.000000000000,0.27975,6.25,1000,-+---
3,6,,1000,7,0.04,0.01,5.0,1.0,100,12,1000,0.5,0.02,60,10,7,0.0246207,0.000000000000,0.346059,2.57143,1000,-++++-
3,7,,1000,7,0.04,0.01,5.0,1.0,100,12,1000,0.5,0.02,60,10,3,0.0340689,0.000000000000,0.408649,8.16667,1000,-+--+++
3,8,,1000,7,0.04,0.01,5.0,1.0,100,12,1000,0.5,0.02,60,10,8,0.0501197,0.000000000000,0.492353,4,1000,+--+-+++
3,9,,1000,7,0.04,0.01,5.0,1.0,100,12,1000,0.5,0.02,60,10,12,0.0679343,0.000000000000,0.578391,3.375,1000,-+-----++
3,10,,1000,7,0.04,0.01,5.0,1.0,100,12,1000,0.5,0.02,60,10,13,0.104112,0.000000000000,0.703136,3.84615,1000,++---+--+-
3,11,,1000,7,0.04,0.01,5.0,1.0,100,12,1000,0.5,0.02,60,10,5,0.12374,0.000000000000,0.887971,12.1,1000,---+++-++-+
3,12,,1000,7,0.04,0.01,5.0,1.0,100,12,1000,0.5,0.02,60,10,10,0.166106,0.000000000000,1.50653,7.2,1000,----+-+--++-
3,13,,1000,7,0.04,0.01,5.0,1.0,100,12,1000,0.5,0.02,60,10,6,0.210848,0.214325904846,3.47612,14.0833,1000,+-+-++--+++++
3,14,,1000,7,0.04,0.01,5.0,1.0,100,12,1000,0.5,0.02,60,10,19,0.27645,0.000000000000,3.74714,5.15789,1000,++-+-++--+++++
3,15,,1000,7,0.04,0.01,5.0,1.0,100,12,1000,0.5,0.02,60,10,15,0.315086,0.036587953568,3.93752,7.5,1000,+++---+---+--+-
3,16,,1000,7,0.04,0.01,5.0,1.0,100,12,1000,0.5,0.02,60,10,24,0.382718,0.000000000000,4.16824,5.33333,1000,+-+--++---++++++
3,17,,1000,7,0.04,0.01,5.0,1.0,100,12,1000,0.5,0.02,60,10,32,0.404005,0.000000000000,4.33719,4.51562,1000,+-+--+-+++---+---
3,18,,1000,7,0.04,0.01,5.0,1.0,100,12,1000,0.5,0.02,60,10,25,0.483766,0.032716751099,4.58582,6.48,1000,----++++-+-++--++-
3,19,,1000,7,0.04,0.01,5.0,1.0,100,12,1000,0.5,0.02,60,10,29,0.535662,0.083920001984,4.79296,6.22414,1000,-+++--++-+------+-+
3,20,,1000,7,0.04,0.01,5.0,1.0,100,12,1000,0.5,0.02,60,10,26,0.60526,0.143675327301,5.02687,7.69231,1000,-++---++-+---+-+++++
3,21,,1000,7,0.04,0.01,5.0,1.0,100,12,1000,0.5,0.02,60,10,26,0.67068,1.302632808685,5.19507,8.48077,1000,+--+-+-+--++-------++
3,22,,1000,7,0.04,0.01,5.0,1.0,100,12,1000,0.5,0.02,60,10,39,0.739967,0.066383123398,5.48284,6.20513,1000,-----+-+-+--+--++---++
3,23,,1000,7,0.04,0.01,5.0,1.0,100,12,1000,0.5,0.02,60,10,47,0.829144,0.187770128250,5.70597,5.62766,1000,+--+--+-+-++++++---+++-
3,24,,1000,7,0.04,0.01,5.0,1.0,100,12,1000,0.5,0.02,60,10,36,0.906867,0.089000701904,5.94042,8,1000,+--++-++-+-+-------+++--
3,25,,1000,7,0.04,0.01,5.0,1.0,100,12,1000,0.5,0.02,60,10,36,1.01773,1.657849073410,6.28465,8.68056,1000,--++---++++++-+-+-++-++-+
4,1,,1000,7,0.04,0.01,5.0,1.0,100,12,1000,0.5,0.02,60,10,0,0.0110197,0.000000000000,0.0117863,N/A,0,+
4,2,,1000,7,0.04,0.01,5.0,1.0,100,12,1000,0.5,0.02,60,10,1,0.0104631,0.000000000000,0.14201,2,1000,++
4,3,,1000,7,0.04,0.01,5.0,1.0,100,12,1000,0.5,0.02,60,10,1,0.015492,0.000000000000,0.185372,4.5,1000,+--
4,4,,1000,7,0.04,0.01,5.0,1.0,100,12,1000,0.5,0.02,60,10,2,0.0149436,0.000000000000,0.23482,4,1000,+-++
4,5,,1000,7,0.04,0.01,5.0,1.0,100,12,1000,0.5,0.02,60,10,2,0.0182957,0.000000000000,0.279359,6.25,1000,---+-
4,6,,1000,7,0.04,0.01,5.0,1.0,100,12,1000,0.5,0.02,60,10,7,0.0245329,0.000000000000,0.346377,2.57143,1000,++-+--
4,7,,1000,7,0.04,0.01,5.0,1.0,100,12,1000,0.5,0.02,60,10,3,0.0344993,0.000000000000,0.408895,8.16667,1000,+-++---
4,8,,1000,7,0.04,0.01,5.0,1.0,100,12,1000,0.5,0.02,60,10,8,0.0481688,0.000000000000,0.488666,4,1000,-+--++++
4,9,,1000,7,0.04,0.01,5.0,1.0,100,12,1000,0.5,0.02,60,10,12,0.0696536,0.000000000000,0.583665,3.375,1000,+++--++-+
4,10,,1000,7,0.04,0.01,5.0,1.0,100,12,1000,0.5,0.02,60,10,13,0.0948527,0.000000000000,0.6924,3.84615,1000,+-+--+++++
4,11,,1000,7,0.04,0.01,5.0,1.0,100,12,1000,0.5,0.02,60,10,5,0.139808,0.000000000000,0.89609,12.1,1000,-+--+---+++
4,12,,1000,7,0.04,0.01,5.0,1.0,100,12,1000,0.5,0.02,60,10,10,0.171328,0.000000000000,1.51393,7.2,1000,-++--+-+----
4,13,,1000,7,0.04,0.01,5.0,1.0,100,12,1000,0.5,0.02,60,10,6,0.221376,0.579540967941,3.53209,14.0833,1000,-----++--+-+-
4,14,,1000,7,0.04,0.01,5.0,1.0,100,12,1000,0.5,0.02,60,10,19,0.281347,0.000000000000,3.74065,5.15789,1000,+---+++++-++-+
4,15,,1000,7,0.04,0.01,5.0,1.0,100,12,1000,0.5,0.02,60,10,15,0.335085,0.000000000000,3.94618,7.5,1000,-+--+---+---+++
4,16,,1000,7,0.04,0.01,5.0,1.0,100,12,1000,0.5,0.02,60,10,24,0.382232,0.000000000000,4.15269,5.33333,1000,+-+-+--+--++----
4,17,,1000,7,0.04,0.01,5.0,1.0,100,12,1000,0.5,0.02,60,10,32,0.414771,0.004152059555,4.33757,4.51562,1000,++++----+--+---+-
4,18,,1000,7,0.04,0.01,5.0,1.0,100,12,1000,0.5,0.02,60,10,25,0.484846,0.012474775314,4.57305,6.48,1000,+-+-++++----+--++-
4,19,,1000,7,0.04,0.01,5.0,1.0,100,12,1000,0.5,0.02,60,10,29,0.538211,0.033533811569,4.73448,6.22414,1000,+---++--+-++++++-+-
4,20,,1000,7,0.04,0.01,5.0,1.0,100,12,1000,0.5,0.02,60,10,26,0.601082,0.048035860062,5.01056,7.69231,1000,-++---++-+---+-+++++
4,21,,1000,7,0.04,0.01,5.0,1.0,100,12,1000,0.5,0.02,60,10,26,0.674553,0.004781484604,5.30171,8.48077,1000,+--+-+-+--++-------++
4,22,,1000,7,0.04,0.01,5.0,1.0,100,12,1000,0.5,0.02,60,10,39,0.745123,0.140089035034,5.53218,6.20513,1000,-+--++-+-+-++---++++++
4,23,,1000,7,0.04,0.01,5.0,1.0,100,12,1000,0.5,0.02,60,10,47,0.817286,0.145802497864,5.67048,5.62766,1000,-+++---++++++-+-+--+--+
4,24,,1000,7,0.04,0.01,5.0,1.0,100,12,1000,0.5,0.02,60,10,36,0.958242,0.214797735214,5.97151,8,1000,+--+--+-+-+------+++--++
4,25,,1000,7,0.04,0.01,5.0,1.0,100,12,1000,0.5,0.02,60,10,36,1.0064,1.046465396881,6.16133,8.68056,1000,+-++-++-+-+-++++++---++--
5,1,,1000,7,0.04,0.01,5.0,1.0,100,12,1000,0.5,0.02,60,10,0,0.011081,0.000000000000,0.0118157,N/A,0,+
5,2,,1000,7,0.04,0.01,5.0,1.0,100,12,1000,0.5,0.02,60,10,1,0.0105782,0.000000000000,0.146891,2,1000,++
5,3,,1000,7,0.04,0.01,5.0,1.0,100,12,1000,0.5,0.02,60,10,1,0.0158874,0.000000000000,0.185588,4.5,1000,+--
5,4,,1000,7,0.04,0.01,5.0,1.0,100,12,1000,0.5,0.02,60,10,2,0.0150862,0.000000000000,0.228073,4,1000,+-++
5,5,,1000,7,0.04,0.01,5.0,1.0,100,12,1000,0.5,0.02,60,10,2,0.0185076,0.000000000000,0.284877,6.25,1000,---+-
5,6,,1000,7,0.04,0.01,5.0,1.0,100,12,1000,0.5,0.02,60,10,7,0.0244841,0.000000000000,0.335958,2.57143,1000,--++-+
5,7,,1000,7,0.04,0.01,5.0,1.0,100,12,1000,0.5,0.02,60,10,3,0.0326186,0.000000000000,0.410119,8.16667,1000,---++-+
5,8,,1000,7,0.04,0.01,5.0,1.0,100,12,1000,0.5,0.02,60,10,8,0.0474574,0.000000000000,0.486624,4,1000,+-+--+++
5,9,,1000,7,0.04,0.01,5.0,1.0,100,12,1000,0.5,0.02,60,10,12,0.0708941,0.000000000000,0.572898,3.375,1000,---+-++--
5,10,,1000,7,0.04,0.01,5.0,1.0,100,12,1000,0.5,0.02,60,10,13,0.105472,0.000000000000,0.704168,3.84615,1000,--+++-++-+
5,11,,1000,7,0.04,0.01,5.0,1.0,100,12,1000,0.5,0.02,60,10,5,0.12007,0.000000000000,0.873527,12.1,1000,---+++-++-+
5,12,,1000,7,0.04,0.01,5.0,1.0,100,12,1000,0.5,0.02,60,10,10,0.165032,0.000000000000,1.53072,7.2,1000,++--+++++-+-
5,13,,1000,7,0.04,0.01,5.0,1.0,100,12,1000,0.5,0.02,60,10,6,0.212056,0.266477584839,3.51248,14.0833,1000,-----++--+-+-
5,14,,1000,7,0.04,0.01,5.0,1.0,100,12,1000,0.5,0.02,60,10,19,0.250683,0.000000000000,3.71906,5.15789,1000,-----++--+-+-+
5,15,,1000,7,0.04,0.01,5.0,1.0,100,12,1000,0.5,0.02,60,10,15,0.32698,0.003834962845,3.94368,7.5,1000,+++++--++--+-+-
5,16,,1000,7,0.04,0.01,5.0,1.0,100,12,1000,0.5,0.02,60,10,24,0.376692,0.000000000000,4.15494,5.33333,1000,----++--+--+-+-+
5,17,,1000,7,0.04,0.01,5.0,1.0,100,12,1000,0.5,0.02,60,10,32,0.425926,0.004304647446,4.37425,4.51562,1000,+--+-+--++-----++
5,18,,1000,7,0.04,0.01,5.0,1.0,100,12,1000,0.5,0.02,60,10,25,0.474044,0.008391141891,4.60647,6.48,1000,++++----+-+--++--+
5,19,,1000,7,0.04,0.01,5.0,1.0,100,12,1000,0.5,0.02,60,10,29,0.546124,0.071707248688,4.81114,6.22414,1000,-+-++++++-+--++---+
5,20,,1000,7,0.04,0.01,5.0,1.0,100,12,1000,0.5,0.02,60,10,26,0.603168,0.191263914108,5.02264,7.69231,1000,+++++-+---+-++---++-
5,21,,1000,7,0.04,0.01,5.0,1.0,100,12,1000,0.5,0.02,60,10,26,0.672083,0.162597894669,5.2153,8.48077,1000,-++-+-+-++--+++++++--
5,22,,1000,7,0.04,0.01,5.0,1.0,100,12,1000,0.5,0.02,60,10,39,0.743223,0.005125761032,5.50785,6.20513,1000,++---++--+--+-+-+-----
5,23,,1000,7,0.04,0.01,5.0,1.0,100,12,1000,0.5,0.02,60,10,47,0.830316,0.231984138489,5.76232,5.62766,1000,++-++-++-+-+------+++--
5,24,,1000,7,0.04,0.01,5.0,1.0,100,12,1000,0.5,0.02,60,10,36,0.91881,0.729929685593,5.944,8,1000,++---+++++++-+-+--+--++-
5,25,,1000,7,0.04,0.01,5.0,1.0,100,12,1000,0.5,0.02,60,10,36,1.01715,0.158775329590,6.1998,8.68056,1000,+-++-++-+-+-++++++---++--
6,1,,1000,7,0.04,0.01,5.0,1.0,100,12,1000,0.5,0.02,60,10,0,0.0112495,0.000000000000,0.0120071,N/A,0,+
6,2,,1000,7,0.04,0.01,5.0,1.0,100,12,1000,0.5,0.02,60,10,1,0.0105488,0.000000000000,0.141798,2,1000,++
6,3,,1000,7,0.04,0.01,5.0,1.0,100,12,1000,0.5,0.02,60,10,1,0.0159889,0.000000000000,0.20533,4.5,1000,+--
6,4,,1000,7,0.04,0.01,5.0,1.0,100,12,1000,0.5,0.02,60,10,2,0.0156817,0.000000000000,0.230556,4,1000,+---
6,5,,1000,7,0.04,0.01,5.0,1.0,100,12,1000,0.5,0.02,60,10,2,0.0183805,0.000000000000,0.289172,6.25,1000,-+---
6,6,,1000,7,0.04,0.01,5.0,1.0,100,12,1000,0.5,0.02,60,10,7,0.0244592,0.000000000000,0.338411,2.57143,1000,+-++++
6,7,,1000,7,0.04,0.01,5.0,1.0,100,12,1000,0.5,0.02,60,10,3,0.0324049,0.000000000000,0.412559,8.16667,1000,+-++---
6,8,,1000,7,0.04,0.01,5.0,1.0,100,12,1000,0.5,0.02,60,10,8,0.0449209,0.000000000000,0.487126,4,1000,++----+-
6,9,,1000,7,0.04,0.01,5.0,1.0,100,12,1000,0.5,0.02,60,10,12,0.0717478,0.000000000000,0.581309,3.375,1000,+++-+--++
6,10,,1000,7,0.04,0.01,5.0,1.0,100,12,1000,0.5,0.02,60,10,13,0.0921713,0.000000000000,0.689759,3.84615,1000,+-+--++---
6,11,,1000,7,0.04,0.01,5.0,1.0,100,12,1000,0.5,0.02,60,10,5,0.135653,0.000000000000,0.892089,12.1,1000,+++---+--+-
6,12,,1000,7,0.04,0.01,5.0,1.0,100,12,1000,0.5,0.02,60,10,10,0.165606,0.000000000000,1.54705,7.2,1000,+--++-+-++++
6,13,,1000,7,0.04,0.01,5.0,1.0,100,12,1000,0.5,0.02,60,10,6,0.217334,0.582036733627,3.50773,14.0833,1000,+-+-++--+++++
6,14,,1000,7,0.04,0.01,5.0,1.0,100,12,1000,0.5,0.02,60,10,19,0.275904,0.000000000000,3.78332,5.15789,1000,+-+-++--++++++
6,15,,1000,7,0.04,0.01,5.0,1.0,100,12,1000,0.5,0.02,60,10,15,0.329786,0.014497518539,3.95141,7.5,1000,+-+-++--++-----
6,16,,1000,7,0.04,0.01,5.0,1.0,100,12,1000,0.5,0.02,60,10,24,0.369079,0.000000000000,4.13821,5.33333,1000,--+---+----++++-
6,17,,1000,7,0.04,0.01,5.0,1.0,100,12,1000,0.5,0.02,60,10,32,0.422992,0.000000000000,4.38234,4.51562,1000,+------+-++--+++-
6,18,,1000,7,0.04,0.01,5.0,1.0,100,12,1000,0.5,0.02,60,10,25,0.500845,0.000000000000,4.63291,6.48,1000,-+-+----++++-++--+
6,19,,1000,7,0.04,0.01,5.0,1.0,100,12,1000,0.5,0.02,60,10,29,0.537573,0.038055658340,4.75306,6.22414,1000,--+--++----+-+-++++
6,20,,1000,7,0.04,0.01,5.0,1.0,100,12,1000,0.5,0.02,60,10,26,0.601923,0.132679462433,4.95789,7.69231,1000,--++-++----+----+-+-
6,21,,1000,7,0.04,0.01,5.0,1.0,100,12,1000,0.5,0.02,60,10,26,0.666192,0.472579479218,5.18483,8.48077,1000,+--+-+-+--++-------++
6,22,,1000,7,0.04,0.01,5.0,1.0,100,12,1000,0.5,0.02,60,10,39,0.747444,0.038081645966,5.55964,6.20513,1000,+-++--+-+-+--+++------
6,23,,1000,7,0.04,0.01,5.0,1.0,100,12,1000,0.5,0.02,60,10,47,0.827349,0.034309864044,5.65241,5.62766,1000,+---+++------+-+-++-++-
6,24,,1000,7,0.04,0.01,5.0,1.0,100,12,1000,0.5,0.02,60,10,36,0.961806,0.137825965881,6.03546,8,1000,++--+++------+-+-+--+--+
6,25,,1000,7,0.04,0.01,5.0,1.0,100,12,1000,0.5,0.02,60,10,36,0.992089,1.850793123245,6.2071,8.68056,1000,-+--+--+-+-+------+++--++
7,1,,1000,7,0.04,0.01,5.0,1.0,100,12,1000,0.5,0.02,60,10,0,0.0110143,0.000000000000,0.01177,N/A,0,+
7,2,,1000,7,0.04,0.01,5.0,1.0,100,12,1000,0.5,0.02,60,10,1,0.0103961,0.000000000000,0.141017,2,1000,++
7,3,,1000,7,0.04,0.01,5.0,1.0,100,12,1000,0.5,0.02,60,10,1,0.0148643,0.000000000000,0.194586,4.5,1000,+--
7,4,,1000,7,0.04,0.01,5.0,1.0,100,12,1000,0.5,0.02,60,10,2,0.0148897,0.000000000000,0.228535,4,1000,+-++
7,5,,1000,7,0.04,0.01,5.0,1.0,100,12,1000,0.5,0.02,60,10,2,0.0185836,0.000000000000,0.281717,6.25,1000,-+---
7,6,,1000,7,0.04,0.01,5.0,1.0,100,12,1000,0.5,0.02,60,10,7,0.0301107,0.000000000000,0.347168,2.57143,1000,---+-+
7,7,,1000,7,0.04,0.01,5.0,1.0,100,12,1000,0.5,0.02,60,10,3,0.031618,0.000000000000,0.414005,8.16667,1000,-+--+++
7,8,,1000,7,0.04,0.01,5.0,1.0,100,12,1000,0.5,0.02,60,10,8,0.0498149,0.000000000000,0.48614,4,1000,+-++----
7,9,,1000,7,0.04,0.01,5.0,1.0,100,12,1000,0.5,0.02,60,10,12,0.0734982,0.000000000000,0.581182,3.375,1000,-++-+-+++
7,10,,1000,7,0.04,0.01,5.0,1.0,100,12,1000,0.5,0.02,60,10,13,0.0984759,0.000000000000,0.701914,3.84615,1000,++---+--+-
7,11,,1000,7,0.04,0.01,5.0,1.0,100,12,1000,0.5,0.02,60,10,5,0.133125,0.000000000000,0.888776,12.1,1000,+++---+--+-
7,12,,1000,7,0.04,0.01,5.0,1.0,100,12,1000,0.5,0.02,60,10,10,0.171525,0.000000000000,1.53576,7.2,1000,--++-----+-+
7,13,,1000,7,0.04,0.01,5.0,1.0,100,12,1000,0.5,0.02,60,10,6,0.204651,2.708363056183,3.50038,14.0833,1000,+-+-++--+++++
7,14,,1000,7,0.04,0.01,5.0,1.0,100,12,1000,0.5,0.02,60,10,19,0.269876,0.000000000000,3.7238,5.15789,1000,+-+-++--+++++-
7,15,,1000,7,0.04,0.01,5.0,1.0,100,12,1000,0.5,0.02,60,10,15,0.323835,0.014567613602,3.87458,7.5,1000,-+-+--++--+++++
7,16,,1000,7,0.04,0.01,5.0,1.0,100,12,1000,0.5,0.02,60,10,24,0.372811,0.007609605789,4.14484,5.33333,1000,+++----+--+---+-
7,17,,1000,7,0.04,0.01,5.0,1.0,100,12,1000,0.5,0.02,60,10,32,0.419768,0.008006095886,4.33616,4.51562,1000,+--++-+-++++++---
7,18,,1000,7,0.04,0.01,5.0,1.0,100,12,1000,0.5,0.02,60,10,25,0.483503,0.024808168411,4.58417,6.48,1000,++++----+-+--++--+
7,19,,1000,7,0.04,0.01,5.0,1.0,100,12,1000,0.5,0.02,60,10,29,0.532726,0.197278261185,4.79926,6.22414,1000,++-++--++++-+-+----
7,20,,1000,7,0.04,0.01,5.0,1.0,100,12,1000,0.5,0.02,60,10,26,0.599931,0.069242954254,5.02071,7.69231,1000,+--+++--+-+++-+-----
7,21,,1000,7,0.04,0.01,5.0,1.0,100,12,1000,0.5,0.02,60,10,26,0.667176,2.286806583405,5.19424,8.48077,1000,+--+-+-+--++-------++
7,22,,1000,7,0.04,0.01,5.0,1.0,100,12,1000,0.5,0.02,60,10,39,0.753848,0.014215469360,5.47169,6.20513,1000,---+++--+-+-++--+-----
7,23,,1000,7,0.04,0.01,5.0,1.0,100,12,1000,0.5,0.02,60,10,47,0.822259,0.218951225281,5.7116,5.62766,1000,--+--+--+-+-++++++---++
7,24,,1000,7,0.04,0.01,5.0,1.0,100,12,1000,0.5,0.02,60,10,36,0.903086,0.025497436523,6.01267,8,1000,++---+++++++-+-+--+--++-
7,25,,1000,7,0.04,0.01,5.0,1.0,100,12,1000,0.5,0.02,60,10,44,1.01417,0.976822853088,6.20181,7.10227,1000,-++-++-+-+-++++++---++---
8,1,,1000,7,0.04,0.01,5.0,1.0,100,12,1000,0.5,0.02,60,10,0,0.0109817,0.000000000000,0.011729,N/A,0,+
8,2,,1000,7,0.04,0.01,5.0,1.0,100,12,1000,0.5,0.02,60,10,1,0.0103092,0.000000000000,0.140781,2,1000,++
8,3,,1000,7,0.04,0.01,5.0,1.0,100,12,1000,0.5,0.02,60,10,1,0.0153909,0.000000000000,0.195376,4.5,1000,+--
8,4,,1000,7,0.04,0.01,5.0,1.0,100,12,1000,0.5,0.02,60,10,2,0.0145395,0.000000000000,0.227375,4,1000,+-++
8,5,,1000,7,0.04,0.01,5.0,1.0,100,12,1000,0.5,0.02,60,10,2,0.0184195,0.000000000000,0.280089,6.25,1000,-+---
8,6,,1000,7,0.04,0.01,5.0,1.0,100,12,1000,0.5,0.02,60,10,7,0.0240916,0.000000000000,0.348062,2.57143,1000,+-+---
8,7,,1000,7,0.04,0.01,5.0,1.0,100,12,1000,0.5,0.02,60,10,3,0.0325065,0.000000000000,0.413745,8.16667,1000,---++-+
8,8,,1000,7,0.04,0.01,5.0,1.0,100,12,1000,0.5,0.02,60,10,8,0.0470625,0.000000000000,0.481513,4,1000,-+--++++
8,9,,1000,7,0.04,0.01,5.0,1.0,100,12,1000,0.5,0.02,60,10,12,0.0668005,0.000000000000,0.580306,3.375,1000,-++-+-+++
8,10,,1000,7,0.04,0.01,5.0,1.0,100,12,1000,0.5,0.02,60,10,13,0.105136,0.000000000000,0.701673,3.84615,1000,-+-----++-
8,11,,1000,7,0.04,0.01,5.0,1.0,100,12,1000,0.5,0.02,60,10,5,0.117537,0.013188123703,0.899497,12.1,1000,+-++-+++---
8,12,,1000,7,0.04,0.01,5.0,1.0,100,12,1000,0.5,0.02,60,10,10,0.164083,0.000000000000,1.52432,7.2,1000,-----++--+-+
8,13,,1000,7,0.04,0.01,5.0,1.0,100,12,1000,0.5,0.02,60,10,6,0.205516,0.163890361786,3.46918,14.0833,1000,-+-+--++-----
8,14,,1000,7,0.04,0.01,5.0,1.0,100,12,1000,0.5,0.02,60,10,19,0.28849,0.000000000000,3.75377,5.15789,1000,+---+++++-++-+
8,15,,1000,7,0.04,0.01,5.0,1.0,100,12,1000,0.5,0.02,60,10,15,0.333051,0.000000000000,3.95476,7.5,1000,-+-+--++--+++++
8,16,,1000,7,0.04,0.01,5.0,1.0,100,12,1000,0.5,0.02,60,10,24,0.371288,0.007845878601,4.15025,5.33333,1000,--++++++-+-++--+
8,17,,1000,7,0.04,0.01,5.0,1.0,100,12,1000,0.5,0.02,60,10,32,0.419958,0.004923343658,4.36,4.51562,1000,-+--+-+-+++++--++
8,18,,1000,7,0.04,0.01,5.0,1.0,100,12,1000,0.5,0.02,60,10,25,0.477878,0.000000000000,4.57625,6.48,1000,++--++-----+-++-+-
8,19,,1000,7,0.04,0.01,5.0,1.0,100,12,1000,0.5,0.02,60,10,29,0.52896,0.096539974213,4.78431,6.22414,1000,+---++--+-++++++-+-
8,20,,1000,7,0.04,0.01,5.0,1.0,100,12,1000,0.5,0.02,60,10,26,0.605457,0.022333383560,5.0391,7.69231,1000,+-+-++++-++++--+--++
8,21,,1000,7,0.04,0.01,5.0,1.0,100,12,1000,0.5,0.02,60,10,26,0.669252,0.045154333115,5.26094,8.48077,1000,-++-+-+-++--+++++++--
8,22,,1000,7,0.04,0.01,5.0,1.0,100,12,1000,0.5,0.02,60,10,39,0.736701,0.065096616745,5.42625,6.20513,1000,-----+-+-+--+--++---++
8,23,,1000,7,0.04,0.01,5.0,1.0,100,12,1000,0.5,0.02,60,10,47,0.88415,0.231149435043,5.86393,5.62766,1000,--+--+--+-+-++++++---++
8,24,,1000,7,0.04,0.01,5.0,1.0,100,12,1000,0.5,0.02,60,10,36,0.910594,0.331658840179,5.98176,8,1000,++--+++------+-+-+--+--+
8,25,,1000,7,0.04,0.01,5.0,1.0,100,12,1000,0.5,0.02,60,10,36,1.00737,0.406051397324,6.2807,8.68056,1000,---+++-------+-+-++-++--+
9,1,,1000,7,0.04,0.01,5.0,1.0,100,12,1000,0.5,0.02,60,10,0,0.0110401,0.000000000000,0.0117941,N/A,0,+
9,2,,1000,7,0.04,0.01,5.0,1.0,100,12,1000,0.5,0.02,60,10,1,0.0103232,0.000000000000,0.149524,2,1000,++
9,3,,1000,7,0.04,0.01,5.0,1.0,100,12,1000,0.5,0.02,60,10,1,0.0148813,0.000000000000,0.184473,4.5,1000,+--
9,4,,1000,7,0.04,0.01,5.0,1.0,100,12,1000,0.5,0.02,60,10,2,0.0144028,0.000000000000,0.228968,4,1000,+-++
9,5,,1000,7,0.04,0.01,5.0,1.0,100,12,1000,0.5,0.02,60,10,2,0.0184118,0.000000000000,0.28912,6.25,1000,-+---
9,6,,1000,7,0.04,0.01,5.0,1.0,100,12,1000,0.5,0.02,60,10,7,0.0245927,0.000000000000,0.33747,2.57143,1000,+-++++
9,7,,1000,7,0.04,0.01,5.0,1.0,100,12,1000,0.5,0.02,60,10,3,0.0333841,0.000000000000,0.415562,8.16667,1000,+++--+-
9,8,,1000,7,0.04,0.01,5.0,1.0,100,12,1000,0.5,0.02,60,10,8,0.0491056,0.000000000000,0.492635,4,1000,+-+--+++
9,9,,1000,7,0.04,0.01,5.0,1.0,100,12,1000,0.5,0.02,60,10,12,0.0679343,0.000000000000,0.579545,3.375,1000,-+----++-
9,10,,1000,7,0.04,0.01,5.0,1.0,100,12,1000,0.5,0.02,60,10,13,0.100968,0.000000000000,0.704485,3.84615,1000,++++-+--++
9,11,,1000,7,0.04,0.01,5.0,1.0,100,12,1000,0.5,0.02,60,10,5,0.131615,0.000000000000,0.894131,12.1,1000,+++---+--+-
9,12,,1000,7,0.04,0.01,5.0,1.0,100,12,1000,0.5,0.02,60,10,10,0.150515,0.000000000000,1.5094,7.2,1000,++++-+-++--+
9,13,,1000,7,0.04,0.01,5.0,1.0,100,12,1000,0.5,0.02,60,10,6,0.239537,0.042905569077,3.55518,14.0833,1000,+++++--++-+-+
9,14,,1000,7,0.04,0.01,5.0,1.0,100,12,1000,0.5,0.02,60,10,19,0.247379,0.000000000000,3.7295,5.15789,1000,--+++++-++-+-+
9,15,,1000,7,0.04,0.01,5.0,1.0,100,12,1000,0.5,0.02,60,10,15,0.318078,0.014617204666,3.95052,7.5,1000,-+-+--++--+++++
9,16,,1000,7,0.04,0.01,5.0,1.0,100,12,1000,0.5,0.02,60,10,24,0.324567,0.052620887756,4.09947,5.33333,1000,---++++-++-+++-+
9,17,,1000,7,0.04,0.01,5.0,1.0,100,12,1000,0.5,0.02,60,10,32,0.42664,0.000000000000,4.34608,4.51562,1000,+--+-+--++-----++
9,18,,1000,7,0.04,0.01,5.0,1.0,100,12,1000,0.5,0.02,60,10,25,0.480445,0.032748937607,4.57592,6.48,1000,++++----+-+--++--+
9,19,,1000,7,0.04,0.01,5.0,1.0,100,12,1000,0.5,0.02,60,10,29,0.522813,0.134703636169,4.77833,6.22414,1000,----+-+-++++--++-++
9,20,,1000,7,0.04,0.01,5.0,1.0,100,12,1000,0.5,0.02,60,10,26,0.595479,0.026136398315,5.00488,7.69231,1000,+++++-+---+-++---++-
9,21,,1000,7,0.04,0.01,5.0,1.0,100,12,1000,0.5,0.02,60,10,26,0.669244,0.149854183197,5.25555,8.48077,1000,--+++++++--++-+-+-++-
9,22,,1000,7,0.04,0.01,5.0,1.0,100,12,1000,0.5,0.02,60,10,39,0.735616,0.033422708511,5.40645,6.20513,1000,-++-++--+++-------+-+-
9,23,,1000,7,0.04,0.01,5.0,1.0,100,12,1000,0.5,0.02,60,10,47,0.809895,0.500605344772,5.66811,5.62766,1000,+++-++++-++-+---+-+++--
9,24,,1000,7,0.04,0.01,5.0,1.0,100,12,1000,0.5,0.02,60,10,36,0.901476,0.010337829590,5.98139,8,1000,-++-++-+-+-++++++---++--
9,25,,1000,7,0.04,0.01,5.0,1.0,100,12,1000,0.5,0.02,60,10,36,0.997153,0.573749303818,6.23244,8.68056,1000,--++---++++++-+-+-++-++-+
10,1,,1000,7,0.04,0.01,5.0,1.0,100,12,1000,0.5,0.02,60,10,0,0.0108971,0.000000000000,0.0116255,N/A,0,+
10,2,,1000,7,0.04,0.01,5.0,1.0,100,12,1000,0.5,0.02,60,10,1,0.0103772,0.000000000000,0.145253,2,1000,++
10,3,,1000,7,0.04,0.01,5.0,1.0,100,12,1000,0.5,0.02,60,10,1,0.0189708,0.000000000000,0.189062,4.5,1000,+--
10,4,,1000,7,0.04,0.01,5.0,1.0,100,12,1000,0.5,0.02,60,10,2,0.0147579,0.000000000000,0.226932,4,1000,-+--
10,5,,1000,7,0.04,0.01,5.0,1.0,100,12,1000,0.5,0.02,60,10,2,0.0182311,0.000000000000,0.289009,6.25,1000,-+---
10,6,,1000,7,0.04,0.01,5.0,1.0,100,12,1000,0.5,0.02,60,10,7,0.0247547,0.000000000000,0.337039,2.57143,1000,+--+++
10,7,,1000,7,0.04,0.01,5.0,1.0,100,12,1000,0.5,0.02,60,10,3,0.0326931,0.000000000000,0.414664,8.16667,1000,-+--+++
10,8,,1000,7,0.04,0.01,5.0,1.0,100,12,1000,0.5,0.02,60,10,8,0.047714,0.000000000000,0.488504,4,1000,-+----++
10,9,,1000,7,0.04,0.01,5.0,1.0,100,12,1000,0.5,0.02,60,10,12,0.0744749,0.000000000000,0.576154,3.375,1000,--++-+---
10,10,,1000,7,0.04,0.01,5.0,1.0,100,12,1000,0.5,0.02,60,10,13,0.108323,0.000000000000,0.708353,3.84615,1000,++++-+--++
10,11,,1000,7,0.04,0.01,5.0,1.0,100,12,1000,0.5,0.02,60,10,5,0.138783,0.000000000000,0.889023,12.1,1000,+-++-+++---
10,12,,1000,7,0.04,0.01,5.0,1.0,100,12,1000,0.5,0.02,60,10,10,0.165728,0.000000000000,1.5042,7.2,1000,+-+-++--++++
10,13,,1000,7,0.04,0.01,5.0,1.0,100,12,1000,0.5,0.02,60,10,6,0.220009,0.482682943344,3.53025,14.0833,1000,+++++--++-+-+
10,14,,1000,7,0.04,0.01,5.0,1.0,100,12,1000,0.5,0.02,60,10,19,0.264523,0.000000000000,3.73116,5.15789,1000,-+-+--++--++++
10,15,,1000,7,0.04,0.01,5.0,1.0,100,12,1000,0.5,0.02,60,10,15,0.323121,0.045826196671,3.96278,7.5,1000,+++++--++--+-+-
10,16,,1000,7,0.04,0.01,5.0,1.0,100,12,1000,0.5,0.02,60,10,24,0.354662,0.000000000000,4.14389,5.33333,1000,---+---+++-+--+-
10,17,,1000,7,0.04,0.01,5.0,1.0,100,12,1000,0.5,0.02,60,10,32,0.429506,0.008054733276,4.33575,4.51562,1000,-++++----+---+--+
10,18,,1000,7,0.04,0.01,5.0,1.0,100,12,1000,0.5,0.02,60,10,25,0.450418,0.045078516006,4.54338,6.48,1000,-++--+----++++-+-+
10,19,,1000,7,0.04,0.01,5.0,1.0,100,12,1000,0.5,0.02,60,10,29,0.537076,0.012849092484,4.77139,6.22414,1000,++++-+-+----++--+--
10,20,,1000,7,0.04,0.01,5.0,1.0,100,12,1000,0.5,0.02,60,10,26,0.600449,0.745312213898,5.0049,7.69231,1000,+-+-++++-++++--+--++
10,21,,1000,7,0.04,0.01,5.0,1.0,100,12,1000,0.5,0.02,60,10,26,0.657168,0.428858757019,5.1711,8.48077,1000,++-------++--+-+-+--+
10,22,,1000,7,0.04,0.01,5.0,1.0,100,12,1000,0.5,0.02,60,10,39,0.738883,0.051758766174,5.40996,6.20513,1000,-+--++-+-+-++---++++++
10,23,,1000,7,0.04,0.01,5.0,1.0,100,12,1000,0.5,0.02,60,10,47,0.870317,0.110743045807,5.7011,5.62766,1000,+---+++------+-+-++-++-
10,24,,1000,7,0.04,0.01,5.0,1.0,100,12,1000,0.5,0.02,60,10,36,0.894297,0.293985128403,5.86609,8,1000,--+++-------+-+-++-++--+
10,25,,1000,7,0.04,0.01,5.0,1.0,100,12,1000,0.5,0.02,60,10,36,0.98888,0.381456613541,6.12982,8.68056,1000,-+--+--+-+-+------+++--++
11,1,,1000,7,0.04,0.01,5.0,1.0,100,12,1000,0.5,0.02,60,10,0,0.0118752,0.000000000000,0.0126396,N/A,0,+
11,2,,1000,7,0.04,0.01,5.0,1.0,100,12,1000,0.5,0.02,60,10,1,0.0105117,0.000000000000,0.14069,2,1000,++
11,3,,1000,7,0.04,0.01,5.0,1.0,100,12,1000,0.5,0.02,60,10,1,0.0155954,0.000000000000,0.194916,4.5,1000,+--
11,4,,1000,7,0.04,0.01,5.0,1.0,100,12,1000,0.5,0.02,60,10,2,0.0145289,0.000000000000,0.228507,4,1000,-+--
11,5,,1000,7,0.04,0.01,5.0,1.0,100,12,1000,0.5,0.02,60,10,2,0.0183763,0.000000000000,0.288806,6.25,1000,-+---
11,6,,1000,7,0.04,0.01,5.0,1.0,100,12,1000,0.5,0.02,60,10,7,0.0245895,0.000000000000,0.338795,2.57143,1000,--+---
11,7,,1000,7,0.04,0.01,5.0,1.0,100,12,1000,0.5,0.02,60,10,3,0.0326041,0.000000000000,0.412076,8.16667,1000,+-++---
11,8,,1000,7,0.04,0.01,5.0,1.0,100,12,1000,0.5,0.02,60,10,8,0.051497,0.000000000000,0.484153,4,1000,-+-++---
11,9,,1000,7,0.04,0.01,5.0,1.0,100,12,1000,0.5,0.02,60,10,12,0.0787202,0.000000000000,0.583464,3.375,1000,---+-++--
11,10,,1000,7,0.04,0.01,5.0,1.0,100,12,1000,0.5,0.02,60,10,13,0.102335,0.000000000000,0.701722,3.84615,1000,+-+++++--+
11,11,,1000,7,0.04,0.01,5.0,1.0,100,12,1000,0.5,0.02,60,10,5,0.137353,0.000000000000,0.891982,12.1,1000,+-++-+++---
11,12,,1000,7,0.04,0.01,5.0,1.0,100,12,1000,0.5,0.02,60,10,10,0.157868,0.000000000000,1.50211,7.2,1000,--++-----+-+
11,13,,1000,7,0.04,0.01,5.0,1.0,100,12,1000,0.5,0.02,60,10,6,0.245834,0.122763395309,3.52762,14.0833,1000,+++++--++-+-+
11,14,,1000,7,0.04,0.01,5.0,1.0,100,12,1000,0.5,0.02,60,10,19,0.274406,0.000000000000,3.72466,5.15789,1000,++-----+--+-+-
11,15,,1000,7,0.04,0.01,5.0,1.0,100,12,1000,0.5,0.02,60,10,15,0.321401,0.067865610123,3.92642,7.5,1000,-----++--++-+-+
11,16,,1000,7,0.04,0.01,5.0,1.0,100,12,1000,0.5,0.02,60,10,24,0.360703,0.011378526688,4.1398,5.33333,1000,+++----+--+---+-
11,17,,1000,7,0.04,0.01,5.0,1.0,100,12,1000,0.5,0.02,60,10,32,0.406789,0.004072189331,4.34685,4.51562,1000,+++------+-+--++-
11,18,,1000,7,0.04,0.01,5.0,1.0,100,12,1000,0.5,0.02,60,10,25,0.473026,0.012402772903,4.55963,6.48,1000,+--++--+-+----++++
11,19,,1000,7,0.04,0.01,5.0,1.0,100,12,1000,0.5,0.02,60,10,29,0.528155,0.080529451370,4.76644,6.22414,1000,++++-+-+----++--+--
11,20,,1000,7,0.04,0.01,5.0,1.0,100,12,1000,0.5,0.02,60,10,26,0.582626,0.078210830688,4.93857,7.69231,1000,+-+-++++-++++--+--++
11,21,,1000,7,0.04,0.01,5.0,1.0,100,12,1000,0.5,0.02,60,10,26,0.650144,1.984247207642,5.20259,8.48077,1000,-++-+-+-++--+++++++--
11,22,,1000,7,0.04,0.01,5.0,1.0,100,12,1000,0.5,0.02,60,10,39,0.728877,0.018794298172,5.45958,6.20513,1000,-+-+-++-++-------++---
11,23,,1000,7,0.04,0.01,5.0,1.0,100,12,1000,0.5,0.02,60,10,47,0.822551,0.044791460037,5.75031,5.62766,1000,-+-+-+-++-++------++---
11,24,,1000,7,0.04,0.01,5.0,1.0,100,12,1000,0.5,0.02,60,10,36,0.911482,0.054288387299,5.88292,8,1000,-++-++-+-+-++++++---++--
11,25,,1000,7,0.04,0.01,5.0,1.0,100,12,1000,0.5,0.02,60,10,36,0.988445,1.906157016754,6.19953,8.68056,1000,-++--+--+-+-+++++++---+++
12,1,,1000,7,0.04,0.01,5.0,1.0,100,12,1000,0.5,0.02,60,10,0,0.0109388,0.000000000000,0.011671,N/A,0,+
12,2,,1000,7,0.04,0.01,5.0,1.0,100,12,1000,0.5,0.02,60,10,1,0.0103583,0.000000000000,0.146463,2,1000,++
12,3,,1000,7,0.04,0.01,5.0,1.0,100,12,1000,0.5,0.02,60,10,1,0.0151816,0.000000000000,0.185602,4.5,1000,+--
12,4,,1000,7,0.04,0.01,5.0,1.0,100,12,1000,0.5,0.02,60,10,2,0.0148064,0.000000000000,0.228932,4,1000,+-++
12,5,,1000,7,0.04,0.01,5.0,1.0,100,12,1000,0.5,0.02,60,10,2,0.0178828,0.000000000000,0.286177,6.25,1000,-+---
12,6,,1000,7,0.04,0.01,5.0,1.0,100,12,1000,0.5,0.02,60,10,7,0.0244734,0.000000000000,0.340392,2.57143,1000,+-++++
12,7,,1000,7,0.04,0.01,5.0,1.0,100,12,1000,0.5,0.02,60,10,3,0.0323588,0.000000000000,0.412273,8.16667,1000,-+--+++
12,8,,1000,7,0.04,0.01,5.0,1.0,100,12,1000,0.5,0.02,60,10,8,0.05007,0.000000000000,0.49257,4,1000,+++-+--+
12,9,,1000,7,0.04,0.01,5.0,1.0,100,12,1000,0.5,0.02,60,10,12,0.0677866,0.000000000000,0.579344,3.375,1000,+++-+-++-
12,10,,1000,7,0.04,0.01,5.0,1.0,100,12,1000,0.5,0.02,60,10,13,0.0901824,0.000000000000,0.6929,3.84615,1000,+-++--++++
12,11,,1000,7,0.04,0.01,5.0,1.0,100,12,1000,0.5,0.02,60,10,5,0.120523,0.000000000000,0.867866,12.1,1000,+-++-+++---
12,12,,1000,7,0.04,0.01,5.0,1.0,100,12,1000,0.5,0.02,60,10,10,0.149871,0.000000000000,1.48504,7.2,1000,-+-++--+++++
12,13,,1000,7,0.04,0.01,5.0,1.0,100,12,1000,0.5,0.02,60,10,6,0.205424,1.103992462158,3.46264,14.0833,1000,-----++--+-+-
12,14,,1000,7,0.04,0.01,5.0,1.0,100,12,1000,0.5,0.02,60,10,19,0.267219,0.000000000000,3.70384,5.15789,1000,----+-+--++--+
12,15,,1000,7,0.04,0.01,5.0,1.0,100,12,1000,0.5,0.02,60,10,15,0.320125,0.059689521790,3.83183,7.5,1000,---+++-+++-++-+
12,16,,1000,7,0.04,0.01,5.0,1.0,100,12,1000,0.5,0.02,60,10,24,0.356944,0.003917455673,4.04847,5.33333,1000,++++++---++--+-+
12,17,,1000,7,0.04,0.01,5.0,1.0,100,12,1000,0.5,0.02,60,10,32,0.423377,0.004058599472,4.24027,4.51562,1000,-+-++--+++------+
12,18,,1000,7,0.04,0.01,5.0,1.0,100,12,1000,0.5,0.02,60,10,25,0.477331,0.004433155060,4.5379,6.48,1000,-+-++-+-----++--++
12,19,,1000,7,0.04,0.01,5.0,1.0,100,12,1000,0.5,0.02,60,10,29,0.513512,0.004576921463,4.71623,6.22414,1000,++++-+-+----++--+--
12,20,,1000,7,0.04,0.01,5.0,1.0,100,12,1000,0.5,0.02,60,10,26,0.58756,0.405813217163,4.88235,7.69231,1000,--++-++----+----+-+-
12,21,,1000,7,0.04,0.01,5.0,1.0,100,12,1000,0.5,0.02,60,10,26,0.653626,0.107207536697,5.15991,8.48077,1000,+--+-+-+--++-------++
12,22,,1000,7,0.04,0.01,5.0,1.0,100,12,1000,0.5,0.02,60,10,39,0.780603,0.050796747208,5.40438,6.20513,1000,-----+--++-+-+--+++---
12,23,,1000,7,0.04,0.01,5.0,1.0,100,12,1000,0.5,0.02,60,10,47,0.807128,0.043537855148,5.62319,5.62766,1000,--+--+--+-+-++++++---++
12,24,,1000,7,0.04,0.01,5.0,1.0,100,12,1000,0.5,0.02,60,10,36,0.898913,0.096693754196,5.98937,8,1000,-++--+--+-+-+++++++---++
12,25,,1000,7,0.04,0.01,5.0,1.0,100,12,1000,0.5,0.02,60,10,36,1.00727,0.307876348495,6.21898,8.68056,1000,++--+++------+-+-+--+--+-
13,1,,1000,7,0.04,0.01,5.0,1.0,100,12,1000,0.5,0.02,60,10,0,0.0116705,0.000000000000,0.0124367,N/A,0,+
13,2,,1000,7,0.04,0.01,5.0,1.0,100,12,1000,0.5,0.02,60,10,1,0.0103864,0.000000000000,0.140642,2,1000,++
13,3,,1000,7,0.04,0.01,5.0,1.0,100,12,1000,0.5,0.02,60,10,1,0.0156521,0.000000000000,0.185185,4.5,1000,+--
13,4,,1000,7,0.04,0.01,5.0,1.0,100,12,1000,0.5,0.02,60,10,2,0.0146975,0.000000000000,0.234611,4,1000,+-++
13,5,,1000,7,0.04,0.01,5.0,1.0,100,12,1000,0.5,0.02,60,10,2,0.0181185,0.000000000000,0.279994,6.25,1000,---+-
13,6,,1000,7,0.04,0.01,5.0,1.0,100,12,1000,0.5,0.02,60,10,7,0.0244626,0.000000000000,0.343845,2.57143,1000,-+++-+
13,7,,1000,7,0.04,0.01,5.0,1.0,100,12,1000,0.5,0.02,60,10,3,0.0323498,0.000000000000,0.40323,8.16667,1000,---++-+
13,8,,1000,7,0.04,0.01,5.0,1.0,100,12,1000,0.5,0.02,60,10,8,0.048719,0.000000000000,0.49163,4,1000,-+-++---
13,9,,1000,7,0.04,0.01,5.0,1.0,100,12,1000,0.5,0.02,60,10,12,0.0712532,0.000000000000,0.580192,3.375,1000,--++-+---
13,10,,1000,7,0.04,0.01,5.0,1.0,100,12,1000,0.5,0.02,60,10,13,0.0943973,0.000000000000,0.69261,3.84615,1000,+--+---+++
13,11,,1000,7,0.04,0.01,5.0,1.0,100,12,1000,0.5,0.02,60,10,5,0.127884,0.000000000000,0.884048,12.1,1000,-+--+---+++
13,12,,1000,7,0.04,0.01,5.0,1.0,100,12,1000,0.5,0.02,60,10,10,0.161626,0.000000000000,1.52409,7.2,1000,++++-+-++--+
13,13,,1000,7,0.04,0.01,5.0,1.0,100,12,1000,0.5,0.02,60,10,6,0.238249,1.560240983963,3.50546,14.0833,1000,+-+-++--+++++
13,14,,1000,7,0.04,0.01,5.0,1.0,100,12,1000,0.5,0.02,60,10,19,0.254382,0.000000000000,3.66822,5.15789,1000,-+++++--++-+-+
13,15,,1000,7,0.04,0.01,5.0,1.0,100,12,1000,0.5,0.02,60,10,15,0.312154,0.039047718048,3.87101,7.5,1000,+++++--++--+-+-
13,16,,1000,7,0.04,0.01,5.0,1.0,100,12,1000,0.5,0.02,60,10,24,0.358202,0.000000000000,4.10014,5.33333,1000,--+---+----++++-
13,17,,1000,7,0.04,0.01,5.0,1.0,100,12,1000,0.5,0.02,60,10,32,0.410178,0.011634826660,4.315,4.51562,1000,---++++++-+-++--+
13,18,,1000,7,0.04,0.01,5.0,1.0,100,12,1000,0.5,0.02,60,10,25,0.480615,0.036140918732,4.56434,6.48,1000,-++--+----++++-+-+
13,19,,1000,7,0.04,0.01,5.0,1.0,100,12,1000,0.5,0.02,60,10,29,0.536768,0.008938074112,4.79399,6.22414,1000,++++-+-+----++--+--
13,20,,1000,7,0.04,0.01,5.0,1.0,100,12,1000,0.5,0.02,60,10,26,0.595876,0.022641420364,5.00113,7.69231,1000,+--+++--+-+++-+-----
13,21,,1000,7,0.04,0.01,5.0,1.0,100,12,1000,0.5,0.02,60,10,26,0.660878,0.376609325409,5.23584,8.48077,1000,+--+-+-+--++-------++
13,22,,1000,7,0.04,0.01,5.0,1.0,100,12,1000,0.5,0.02,60,10,39,0.734779,0.011128664017,5.45845,6.20513,1000,+-+-+--+--+++++++--+++
13,23,,1000,7,0.04,0.01,5.0,1.0,100,12,1000,0.5,0.02,60,10,47,0.815946,0.081951618195,5.65659,5.62766,1000,+++-++++-++-+---+-+++--
13,24,,1000,7,0.04,0.01,5.0,1.0,100,12,1000,0.5,0.02,60,10,36,0.887569,0.219501256943,5.94416,8,1000,+--++-++-+-+-------+++--
13,25,,1000,7,0.04,0.01,5.0,1.0,100,12,1000,0.5,0.02,60,10,36,1.05072,0.396692752838,6.21179,8.68056,1000,+--++-++-+-+-------+++---
14,1,,1000,7,0.04,0.01,5.0,1.0,100,12,1000,0.5,0.02,60,10,0,0.0109599,0.000000000000,0.0117155,N/A,0,+
14,2,,1000,7,0.04,0.01,5.0,1.0,100,12,1000,0.5,0.02,60,10,1,0.0104131,0.000000000000,0.141412,2,1000,++
14,3,,1000,7,0.04,0.01,5.0,1.0,100,12,1000,0.5,0.02,60,10,1,0.0151474,0.000000000000,0.185993,4.5,1000,+--
14,4,,1000,7,0.04,0.01,5.0,1.0,100,12,1000,0.5,0.02,60,10,2,0.0146959,0.000000000000,0.235556,4,1000,+---
14,5,,1000,7,0.04,0.01,5.0,1.0,100,12,1000,0.5,0.02,60,10,2,0.0182148,0.000000000000,0.279441,6.25,1000,+-+++
14,6,,1000,7,0.04,0.01,5.0,1.0,100,12,1000,0.5,0.02,60,10,7,0.0246612,0.000000000000,0.346654,2.57143,1000,-++---
14,7,,1000,7,0.04,0.01,5.0,1.0,100,12,1000,0.5,0.02,60,10,3,0.0328053,0.000000000000,0.401998,8.16667,1000,-+--+++
14,8,,1000,7,0.04,0.01,5.0,1.0,100,12,1000,0.5,0.02,60,10,8,0.0461377,0.000000000000,0.487984,4,1000,+++-+--+
14,9,,1000,7,0.04,0.01,5.0,1.0,100,12,1000,0.5,0.02,60,10,12,0.0653209,0.000000000000,0.575678,3.375,1000,--++-+---
14,10,,1000,7,0.04,0.01,5.0,1.0,100,12,1000,0.5,0.02,60,10,13,0.0964089,0.000000000000,0.69675,3.84615,1000,+-+-++----
14,11,,1000,7,0.04,0.01,5.0,1.0,100,12,1000,0.5,0.02,60,10,5,0.125052,0.000000000000,0.876865,12.1,1000,---+++-++-+
14,12,,1000,7,0.04,0.01,5.0,1.0,100,12,1000,0.5,0.02,60,10,10,0.159273,0.000000000000,1.4821,7.2,1000,-+-++--+++++
14,13,,1000,7,0.04,0.01,5.0,1.0,100,12,1000,0.5,0.02,60,10,6,0.226678,0.009929418564,3.48383,14.0833,1000,+-+-++--+++++
14,14,,1000,7,0.04,0.01,5.0,1.0,100,12,1000,0.5,0.02,60,10,19,0.273593,0.000000000000,3.70069,5.15789,1000,+-----++--+-+-
14,15,,1000,7,0.04,0.01,5.0,1.0,100,12,1000,0.5,0.02,60,10,15,0.284884,0.153043508530,3.85665,7.5,1000,-+-+--++--+++++
14,16,,1000,7,0.04,0.01,5.0,1.0,100,12,1000,0.5,0.02,60,10,24,0.371378,0.004138946533,4.12381,5.33333,1000,+--+-+-+++++--++
14,17,,1000,7,0.04,0.01,5.0,1.0,100,12,1000,0.5,0.02,60,10,32,0.421427,0.000000000000,4.3128,4.51562,1000,--+++++--++-+-++-
14,18,,1000,7,0.04,0.01,5.0,1.0,100,12,1000,0.5,0.02,60,10,25,0.442324,0.000000000000,4.47429,6.48,1000,++--++-----+-++-+-
14,19,,1000,7,0.04,0.01,5.0,1.0,100,12,1000,0.5,0.02,60,10,29,0.537892,0.132601499557,4.75572,6.22414,1000,++-++--++++-+-+----
14,20,,1000,7,0.04,0.01,5.0,1.0,100,12,1000,0.5,0.02,60,10,26,0.597173,0.021656751633,4.88249,7.69231,1000,+++++-+---+-++---++-
14,21,,1000,7,0.04,0.01,5.0,1.0,100,12,1000,0.5,0.02,60,10,26,0.669565,0.296316385269,5.14179,8.48077,1000,++-------++--+-+-+--+
14,22,,1000,7,0.04,0.01,5.0,1.0,100,12,1000,0.5,0.02,60,10,39,0.732672,0.119100570679,5.36085,6.20513,1000,---++-------++-++-+-+-
14,23,,1000,7,0.04,0.01,5.0,1.0,100,12,1000,0.5,0.02,60,10,47,0.799296,0.103001832962,5.59521,5.62766,1000,++++++++---++-+-+--++-+
14,24,,1000,7,0.04,0.01,5.0,1.0,100,12,1000,0.5,0.02,60,10,36,0.89399,0.484946012497,5.99436,8,1000,--++---++++++-+-+-++-++-
14,25,,1000,7,0.04,0.01,5.0,1.0,100,12,1000,0.5,0.02,60,10,36,1.0124,0.036033630371,6.25136,8.68056,1000,+--++-++-+-+-------+++---
15,1,,1000,7,0.04,0.01,5.0,1.0,100,12,1000,0.5,0.02,60,10,0,0.0109071,0.000000000000,0.011653,N/A,0,+
15,2,,1000,7,0.04,0.01,5.0,1.0,100,12,1000,0.5,0.02,60,10,1,0.0103925,0.000000000000,0.14116,2,1000,++
15,3,,1000,7,0.04,0.01,5.0,1.0,100,12,1000,0.5,0.02,60,10,1,0.0153736,0.000000000000,0.192052,4.5,1000,-++
15,4,,1000,7,0.04,0.01,5.0,1.0,100,12,1000,0.5,0.02,60,10,2,0.0150722,0.000000000000,0.228172,4,1000,+---
15,5,,1000,7,0.04,0.01,5.0,1.0,100,12,1000,0.5,0.02,60,10,2,0.0181717,0.000000000000,0.279723,6.25,1000,-+---
15,6,,1000,7,0.04,0.01,5.0,1.0,100,12,1000,0.5,0.02,60,10,7,0.0239774,0.000000000000,0.345461,2.57143,1000,---+-+
15,7,,1000,7,0.04,0.01,5.0,1.0,100,12,1000,0.5,0.02,60,10,3,0.0327127,0.000000000000,0.41138,8.16667,1000,+++--+-
15,8,,1000,7,0.04,0.01,5.0,1.0,100,12,1000,0.5,0.02,60,10,8,0.0465428,0.000000000000,0.481196,4,1000,--++++-+
15,9,,1000,7,0.04,0.01,5.0,1.0,100,12,1000,0.5,0.02,60,10,12,0.0642762,0.000000000000,0.571786,3.375,1000,-+-++----
15,10,,1000,7,0.04,0.01,5.0,1.0,100,12,1000,0.5,0.02,60,10,13,0.0954126,0.000000000000,0.691834,3.84615,1000,+++---+--+
15,11,,1000,7,0.04,0.01,5.0,1.0,100,12,1000,0.5,0.02,60,10,5,0.126807,0.000000000000,0.881731,12.1,1000,+++---+--+-
15,12,,1000,7,0.04,0.01,5.0,1.0,100,12,1000,0.5,0.02,60,10,10,0.166207,0.000000000000,1.51183,7.2,1000,-+-+--++----
15,13,,1000,7,0.04,0.01,5.0,1.0,100,12,1000,0.5,0.02,60,10,6,0.204395,0.000000000000,3.47994,14.0833,1000,+++++--++-+-+
15,14,,1000,7,0.04,0.01,5.0,1.0,100,12,1000,0.5,0.02,60,10,19,0.269293,0.000000000000,3.69629,5.15789,1000,++--++-----+-+
15,15,,1000,7,0.04,0.01,5.0,1.0,100,12,1000,0.5,0.02,60,10,15,0.334386,0.000000000000,3.91557,7.5,1000,-----++--++-+-+
15,16,,1000,7,0.04,0.01,5.0,1.0,100,12,1000,0.5,0.02,60,10,24,0.377757,0.000000000000,4.07817,5.33333,1000,--++-----+-+-++-
15,17,,1000,7,0.04,0.01,5.0,1.0,100,12,1000,0.5,0.02,60,10,32,0.424648,0.000000000000,4.26747,4.51562,1000,-+++--++-+------+
15,18,,1000,7,0.04,0.01,5.0,1.0,100,12,1000,0.5,0.02,60,10,25,0.452918,0.008358478546,4.52489,6.48,1000,-+-++-+-----++--++
15,19,,1000,7,0.04,0.01,5.0,1.0,100,12,1000,0.5,0.02,60,10,29,0.52839,0.047090768814,4.75598,6.22414,1000,+-+------+-++--+++-
15,20,,1000,7,0.04,0.01,5.0,1.0,100,12,1000,0.5,0.02,60,10,26,0.599975,0.052297592163,4.98621,7.69231,1000,+-+-++++-++++--+--++
15,21,,1000,7,0.04,0.01,5.0,1.0,100,12,1000,0.5,0.02,60,10,26,0.664464,1.804229497910,5.21909,8.48077,1000,++-------++--+-+-+--+
15,22,,1000,7,0.04,0.01,5.0,1.0,100,12,1000,0.5,0.02,60,10,39,0.737792,0.019123315811,5.44376,6.20513,1000,---+++--+-+-++--+-----
15,23,,1000,7,0.04,0.01,5.0,1.0,100,12,1000,0.5,0.02,60,10,47,0.816567,0.048759460449,5.69731,5.62766,1000,+---+++------+-+-++-++-
15,24,,1000,7,0.04,0.01,5.0,1.0,100,12,1000,0.5,0.02,60,10,36,0.958172,0.360758781433,5.9855,8,1000,++--+++------+-+-+--+--+
15,25,,1000,7,0.04,0.01,5.0,1.0,100,12,1000,0.5,0.02,60,10,36,0.998904,0.662046432495,6.13716,8.68056,1000,--++---++++++-+-+-++-++-+
16,1,,1000,7,0.04,0.01,5.0,1.0,100,12,1000,0.5,0.02,60,10,0,0.0131657,0.000000000000,0.013905,N/A,0,+
16,2,,1000,7,0.04,0.01,5.0,1.0,100,12,1000,0.5,0.02,60,10,1,0.0124934,0.000000000000,0.144036,2,1000,++
16,3,,1000,7,0.04,0.01,5.0,1.0,100,12,1000,0.5,0.02,60,10,1,0.015491,0.000000000000,0.185476,4.5,1000,+--
16,4,,1000,7,0.04,0.01,5.0,1.0,100,12,1000,0.5,0.02,60,10,2,0.0145102,0.000000000000,0.227619,4,1000,+---
16,5,,1000,7,0.04,0.01,5.0,1.0,100,12,1000,0.5,0.02,60,10,2,0.018187,0.000000000000,0.28552,6.25,1000,-+---
16,6,,1000,7,0.04,0.01,5.0,1.0,100,12,1000,0.5,0.02,60,10,7,0.0242323,0.000000000000,0.339732,2.57143,1000,+----+
16,7,,1000,7,0.04,0.01,5.0,1.0,100,12,1000,0.5,0.02,60,10,3,0.0327184,0.000000000000,0.41024,8.16667,1000,+-++---
16,8,,1000,7,0.04,0.01,5.0,1.0,100,12,1000,0.5,0.02,60,10,8,0.0461443,0.000000000000,0.48711,4,1000,+-++----
16,9,,1000,7,0.04,0.01,5.0,1.0,100,12,1000,0.5,0.02,60,10,12,0.0659776,0.000000000000,0.574302,3.375,1000,++++--+-+
16,10,,1000,7,0.04,0.01,5.0,1.0,100,12,1000,0.5,0.02,60,10,13,0.102017,0.000000000000,0.695499,3.84615,1000,----++--+-
16,11,,1000,7,0.04,0.01,5.0,1.0,100,12,1000,0.5,0.02,60,10,5,0.121064,0.000000000000,0.875374,12.1,1000,---+++-++-+
16,12,,1000,7,0.04,0.01,5.0,1.0,100,12,1000,0.5,0.02,60,10,10,0.160444,0.000000000000,1.54303,7.2,1000,-+-+--++----
16,13,,1000,7,0.04,0.01,5.0,1.0,100,12,1000,0.5,0.02,60,10,6,0.21125,0.000000000000,3.47514,14.0833,1000,-----++--+-+-
16,14,,1000,7,0.04,0.01,5.0,1.0,100,12,1000,0.5,0.02,60,10,19,0.279653,0.000000000000,3.70413,5.15789,1000,++--++-----+-+
16,15,,1000,7,0.04,0.01,5.0,1.0,100,12,1000,0.5,0.02,60,10,15,0.304871,0.011103630066,3.90312,7.5,1000,-+-+--++--+++++
16,16,,1000,7,0.04,0.01,5.0,1.0,100,12,1000,0.5,0.02,60,10,24,0.377769,0.000000000000,4.12275,5.33333,1000,++++++---++--+-+
16,17,,1000,7,0.04,0.01,5.0,1.0,100,12,1000,0.5,0.02,60,10,32,0.424474,0.027341842651,4.32209,4.51562,1000,+-+--++---++++++-
16,18,,1000,7,0.04,0.01,5.0,1.0,100,12,1000,0.5,0.02,60,10,25,0.478325,0.040742397308,4.52542,6.48,1000,++--++-----+-++-+-
16,19,,1000,7,0.04,0.01,5.0,1.0,100,12,1000,0.5,0.02,60,10,29,0.533065,0.139941930771,4.73371,6.22414,1000,-+-++++++-+--++---+
16,20,,1000,7,0.04,0.01,5.0,1.0,100,12,1000,0.5,0.02,60,10,26,0.592377,0.013334751129,4.89713,7.69231,1000,+-+-++++-++++--+--++
16,21,,1000,7,0.04,0.01,5.0,1.0,100,12,1000,0.5,0.02,60,10,26,0.659623,0.123738288879,5.12248,8.48077,1000,+--+-+-+--++-------++
16,22,,1000,7,0.04,0.01,5.0,1.0,100,12,1000,0.5,0.02,60,10,39,0.729506,0.009407520294,5.39152,6.20513,1000,-+--+--++++++--+++-+-+
16,23,,1000,7,0.04,0.01,5.0,1.0,100,12,1000,0.5,0.02,60,10,47,0.810154,0.056017160416,5.61733,5.62766,1000,-+--++-+-+--+++--------
16,24,,1000,7,0.04,0.01,5.0,1.0,100,12,1000,0.5,0.02,60,10,36,0.89104,0.010522365570,5.84855,8,1000,+--++-++-+-+-------+++--
16,25,,1000,7,0.04,0.01,5.0,1.0,100,12,1000,0.5,0.02,60,10,36,0.992093,0.808415174484,6.11415,8.68056,1000,-+--+--+-+-+------+++--++
17,1,,1000,7,0.04,0.01,5.0,1.0,100,12,1000,0.5,0.02,60,10,0,0.010973,0.000000000000,0.0117183,N/A,0,+
17,2,,1000,7,0.04,0.01,5.0,1.0,100,12,1000,0.5,0.02,60,10,1,0.0102949,0.000000000000,0.140298,2,1000,++
17,3,,1000,7,0.04,0.01,5.0,1.0,100,12,1000,0.5,0.02,60,10,1,0.0150403,0.000000000000,0.191139,4.5,1000,+--
17,4,,1000,7,0.04,0.01,5.0,1.0,100,12,1000,0.5,0.02,60,10,2,0.0146131,0.000000000000,0.226895,4,1000,-+--
17,5,,1000,7,0.04,0.01,5.0,1.0,100,12,1000,0.5,0.02,60,10,2,0.0179214,0.000000000000,0.278501,6.25,1000,-+---
17,6,,1000,7,0.04,0.01,5.0,1.0,100,12,1000,0.5,0.02,60,10,7,0.0245019,0.000000000000,0.34359,2.57143,1000,-+----
17,7,,1000,7,0.04,0.01,5.0,1.0,100,12,1000,0.5,0.02,60,10,3,0.0320949,0.000000000000,0.410122,8.16667,1000,+++--+-
17,8,,1000,7,0.04,0.01,5.0,1.0,100,12,1000,0.5,0.02,60,10,8,0.0447603,0.000000000000,0.478001,4,1000,---+-++-
17,9,,1000,7,0.04,0.01,5.0,1.0,100,12,1000,0.5,0.02,60,10,12,0.0636968,0.000000000000,0.570443,3.375,1000,+-+++++--
17,10,,1000,7,0.04,0.01,5.0,1.0,100,12,1000,0.5,0.02,60,10,13,0.0951767,0.000000000000,0.689679,3.84615,1000,-+--+---++
17,11,,1000,7,0.04,0.01,5.0,1.0,100,12,1000,0.5,0.02,60,10,5,0.142767,0.000000000000,0.885481,12.1,1000,+-++-+++---
17,12,,1000,7,0.04,0.01,5.0,1.0,100,12,1000,0.5,0.02,60,10,10,0.172019,0.000000000000,1.52581,7.2,1000,++++-+-++--+
17,13,,1000,7,0.04,0.01,5.0,1.0,100,12,1000,0.5,0.02,60,10,6,0.210204,0.165681123734,3.47138,14.0833,1000,+++++--++-+-+
17,14,,1000,7,0.04,0.01,5.0,1.0,100,12,1000,0.5,0.02,60,10,19,0.229392,0.000000000000,3.63048,5.15789,1000,+++---+-+--+--
17,15,,1000,7,0.04,0.01,5.0,1.0,100,12,1000,0.5,0.02,60,10,15,0.32317,0.074462413788,3.88298,7.5,1000,+-++-+++-+++---
17,16,,1000,7,0.04,0.01,5.0,1.0,100,12,1000,0.5,0.02,60,10,24,0.374815,0.000000000000,4.1131,5.33333,1000,----++--+--+-+-+
17,17,,1000,7,0.04,0.01,5.0,1.0,100,12,1000,0.5,0.02,60,10,32,0.425564,0.004228830338,4.2675,4.51562,1000,++-+-+--+--++----
17,18,,1000,7,0.04,0.01,5.0,1.0,100,12,1000,0.5,0.02,60,10,25,0.464808,0.028303146362,4.50361,6.48,1000,+-+--+-+++++--++--
17,19,,1000,7,0.04,0.01,5.0,1.0,100,12,1000,0.5,0.02,60,10,29,0.526576,0.012939214706,4.71254,6.22414,1000,++-++--++++-+-+----
17,20,,1000,7,0.04,0.01,5.0,1.0,100,12,1000,0.5,0.02,60,10,26,0.58996,0.034348249435,4.891,7.69231,1000,+-+-++++-++++--+--++
17,21,,1000,7,0.04,0.01,5.0,1.0,100,12,1000,0.5,0.02,60,10,26,0.657355,0.097857952118,5.15286,8.48077,1000,+--+-+-+--++-------++
17,22,,1000,7,0.04,0.01,5.0,1.0,100,12,1000,0.5,0.02,60,10,39,0.770589,0.100903749466,5.38959,6.20513,1000,-----+-+-+--+--++---++
17,23,,1000,7,0.04,0.01,5.0,1.0,100,12,1000,0.5,0.02,60,10,47,0.817719,0.140642404556,5.7297,5.62766,1000,+-+-+-+--+--++++++--+++
17,24,,1000,7,0.04,0.01,5.0,1.0,100,12,1000,0.5,0.02,60,10,36,0.89763,0.251173257828,5.87023,8,1000,++--+++------+-+-+--+--+
17,25,,1000,7,0.04,0.01,5.0,1.0,100,12,1000,0.5,0.02,60,10,36,1.00144,0.164412975311,6.19324,8.68056,1000,---+++-------+-+-++-++--+
18,1,,1000,7,0.04,0.01,5.0,1.0,100,12,1000,0.5,0.02,60,10,0,0.0108484,0.000000000000,0.0115998,N/A,0,+
18,2,,1000,7,0.04,0.01,5.0,1.0,100,12,1000,0.5,0.02,60,10,1,0.010405,0.000000000000,0.139918,2,1000,++
18,3,,1000,7,0.04,0.01,5.0,1.0,100,12,1000,0.5,0.02,60,10,1,0.0156497,0.000000000000,0.185732,4.5,1000,+--
18,4,,1000,7,0.04,0.01,5.0,1.0,100,12,1000,0.5,0.02,60,10,2,0.0146258,0.000000000000,0.235413,4,1000,+-++
18,5,,1000,7,0.04,0.01,5.0,1.0,100,12,1000,0.5,0.02,60,10,2,0.018327,0.000000000000,0.27843,6.25,1000,-+---
18,6,,1000,7,0.04,0.01,5.0,1.0,100,12,1000,0.5,0.02,60,10,7,0.0238171,0.000000000000,0.343189,2.57143,1000,++--+-
18,7,,1000,7,0.04,0.01,5.0,1.0,100,12,1000,0.5,0.02,60,10,3,0.0323791,0.000000000000,0.404387,8.16667,1000,+-++---
18,8,,1000,7,0.04,0.01,5.0,1.0,100,12,1000,0.5,0.02,60,10,8,0.0480239,0.000000000000,0.487312,4,1000,++----+-
18,9,,1000,7,0.04,0.01,5.0,1.0,100,12,1000,0.5,0.02,60,10,12,0.0721523,0.000000000000,0.578611,3.375,1000,-+-++----
18,10,,1000,7,0.04,0.01,5.0,1.0,100,12,1000,0.5,0.02,60,10,13,0.0939948,0.000000000000,0.706892,3.84615,1000,-++-----+-
18,11,,1000,7,0.04,0.01,5.0,1.0,100,12,1000,0.5,0.02,60,10,5,0.12638,0.000000000000,0.894578,12.1,1000,+++---+--+-
18,12,,1000,7,0.04,0.01,5.0,1.0,100,12,1000,0.5,0.02,60,10,10,0.172354,0.000000000000,1.56294,7.2,1000,++++--++-+-+
18,13,,1000,7,0.04,0.01,5.0,1.0,100,12,1000,0.5,0.02,60,10,6,0.212732,0.049182653427,3.54244,14.0833,1000,+-+-++--+++++
18,14,,1000,7,0.04,0.01,5.0,1.0,100,12,1000,0.5,0.02,60,10,19,0.26278,0.000000000000,3.77625,5.15789,1000,-----+++-+-++-
18,15,,1000,7,0.04,0.01,5.0,1.0,100,12,1000,0.5,0.02,60,10,15,0.331284,0.090239524841,4.03578,7.5,1000,+++++--++--+-+-
18,16,,1000,7,0.04,0.01,5.0,1.0,100,12,1000,0.5,0.02,60,10,24,0.387232,0.000000000000,4.211,5.33333,1000,+-+-+--+--++----
18,17,,1000,7,0.04,0.01,5.0,1.0,100,12,1000,0.5,0.02,60,10,32,0.422924,0.000000000000,4.44981,4.51562,1000,++++----+--+---+-
18,18,,1000,7,0.04,0.01,5.0,1.0,100,12,1000,0.5,0.02,60,10,25,0.485501,0.004307746887,4.57643,6.48,1000,-++--++-+-++++----
18,19,,1000,7,0.04,0.01,5.0,1.0,100,12,1000,0.5,0.02,60,10,29,0.532972,0.000000000000,4.8459,6.22414,1000,++-++--++++-+-+----
18,20,,1000,7,0.04,0.01,5.0,1.0,100,12,1000,0.5,0.02,60,10,26,0.611474,0.219761371613,5.12606,7.69231,1000,-+-+----+----++-++--
18,21,,1000,7,0.04,0.01,5.0,1.0,100,12,1000,0.5,0.02,60,10,26,0.749281,0.050000429153,5.40448,8.48077,1000,+--+-+-+--++-------++
18,22,,1000,7,0.04,0.01,5.0,1.0,100,12,1000,0.5,0.02,60,10,39,0.760565,0.177639961243,5.67029,6.20513,1000,-+--++-+-+-++---++++++
18,23,,1000,7,0.04,0.01,5.0,1.0,100,12,1000,0.5,0.02,60,10,47,0.827045,0.303714036942,5.82024,5.62766,1000,++++++++---++-+-+--++-+
18,24,,1000,7,0.04,0.01,5.0,1.0,100,12,1000,0.5,0.02,60,10,36,0.975821,0.595548868179,6.09869,8,1000,+--++-++-+-+-------+++--
18,25,,1000,7,0.04,0.01,5.0,1.0,100,12,1000,0.5,0.02,60,10,36,1.04708,0.150603294373,6.2724,8.68056,1000,++--+++------+-+-+--+--+-
19,1,,1000,7,0.04,0.01,5.0,1.0,100,12,1000,0.5,0.02,60,10,0,0.0111816,0.000000000000,0.0119576,N/A,0,+
19,2,,1000,7,0.04,0.01,5.0,1.0,100,12,1000,0.5,0.02,60,10,1,0.0105504,0.000000000000,0.140834,2,1000,++
19,3,,1000,7,0.04,0.01,5.0,1.0,100,12,1000,0.5,0.02,60,10,1,0.0159254,0.000000000000,0.187091,4.5,1000,+--
19,4,,1000,7,0.04,0.01,5.0,1.0,100,12,1000,0.5,0.02,60,10,2,0.015037,0.000000000000,0.236121,4,1000,+-++
19,5,,1000,7,0.04,0.01,5.0,1.0,100,12,1000,0.5,0.02,60,10,2,0.0185428,0.000000000000,0.279834,6.25,1000,-+---
19,6,,1000,7,0.04,0.01,5.0,1.0,100,12,1000,0.5,0.02,60,10,7,0.0245365,0.000000000000,0.346008,2.57143,1000,+---+-
19,7,,1000,7,0.04,0.01,5.0,1.0,100,12,1000,0.5,0.02,60,10,3,0.0322222,0.000000000000,0.405282,8.16667,1000,-+--+++
19,8,,1000,7,0.04,0.01,5.0,1.0,100,12,1000,0.5,0.02,60,10,8,0.0461039,0.000000000000,0.485539,4,1000,+-+--+++
19,9,,1000,7,0.04,0.01,5.0,1.0,100,12,1000,0.5,0.02,60,10,12,0.0722835,0.000000000000,0.585153,3.375,1000,-+-----++
19,10,,1000,7,0.04,0.01,5.0,1.0,100,12,1000,0.5,0.02,60,10,13,0.0986633,0.000000000000,0.699519,3.84615,1000,----++-+-+
19,11,,1000,7,0.04,0.01,5.0,1.0,100,12,1000,0.5,0.02,60,10,5,0.11723,0.000000000000,0.874568,12.1,1000,---+++-++-+
19,12,,1000,7,0.04,0.01,5.0,1.0,100,12,1000,0.5,0.02,60,10,10,0.190119,0.000000000000,1.52646,7.2,1000,-+-++--+++++
19,13,,1000,7,0.04,0.01,5.0,1.0,100,12,1000,0.5,0.02,60,10,6,0.2137,0.042268037796,3.48914,14.0833,1000,+++++--++-+-+
19,14,,1000,7,0.04,0.01,5.0,1.0,100,12,1000,0.5,0.02,60,10,19,0.251105,0.000000000000,3.70395,5.15789,1000,+++++-+-++--++
19,15,,1000,7,0.04,0.01,5.0,1.0,100,12,1000,0.5,0.02,60,10,15,0.336168,0.053693056107,3.94812,7.5,1000,+-++-+++-+++---
19,16,,1000,7,0.04,0.01,5.0,1.0,100,12,1000,0.5,0.02,60,10,24,0.378774,0.000000000000,4.15764,5.33333,1000,---++++-++-+++-+
19,17,,1000,7,0.04,0.01,5.0,1.0,100,12,1000,0.5,0.02,60,10,32,0.425828,0.004340887070,4.37744,4.51562,1000,+--++-+-++++++---
19,18,,1000,7,0.04,0.01,5.0,1.0,100,12,1000,0.5,0.02,60,10,25,0.479032,0.004383087158,4.57998,6.48,1000,+--++-++++----+-+-
19,19,,1000,7,0.04,0.01,5.0,1.0,100,12,1000,0.5,0.02,60,10,29,0.506294,0.052429199219,4.72232,6.22414,1000,+---++--+-++++++-+-
19,20,,1000,7,0.04,0.01,5.0,1.0,100,12,1000,0.5,0.02,60,10,26,0.603622,0.211120128632,4.98289,7.69231,1000,+++++-+---+-++---++-
19,21,,1000,7,0.04,0.01,5.0,1.0,100,12,1000,0.5,0.02,60,10,26,0.669705,0.414417743683,5.23399,8.48077,1000,--+++++++--++-+-+-++-
19,22,,1000,7,0.04,0.01,5.0,1.0,100,12,1000,0.5,0.02,60,10,39,0.736177,0.037852764130,5.49459,6.20513,1000,++++++---++-+-+-++--+-
19,23,,1000,7,0.04,0.01,5.0,1.0,100,12,1000,0.5,0.02,60,10,47,0.817968,0.007048130035,5.7192,5.62766,1000,+--+--+-+-++++++---+++-
19,24,,1000,7,0.04,0.01,5.0,1.0,100,12,1000,0.5,0.02,60,10,36,0.887794,0.011080265045,5.93698,8,1000,++--+++------+-+-+--+--+
19,25,,1000,7,0.04,0.01,5.0,1.0,100,12,1000,0.5,0.02,60,10,36,1.0062,0.341920852661,6.23838,8.68056,1000,--++---++++++-+-+-++-++-+
20,1,,1000,7,0.04,0.01,5.0,1.0,100,12,1000,0.5,0.02,60,10,0,0.0109849,0.000000000000,0.0117899,N/A,0,+
20,2,,1000,7,0.04,0.01,5.0,1.0,100,12,1000,0.5,0.02,60,10,1,0.0103158,0.000000000000,0.140349,2,1000,++
20,3,,1000,7,0.04,0.01,5.0,1.0,100,12,1000,0.5,0.02,60,10,1,0.0149982,0.000000000000,0.185044,4.5,1000,+--
20,4,,1000,7,0.04,0.01,5.0,1.0,100,12,1000,0.5,0.02,60,10,2,0.0139977,0.000000000000,0.239832,4,1000,+---
20,5,,1000,7,0.04,0.01,5.0,1.0,100,12,1000,0.5,0.02,60,10,2,0.0185809,0.000000000000,0.279361,6.25,1000,-+---
20,6,,1000,7,0.04,0.01,5.0,1.0,100,12,1000,0.5,0.02,60,10,7,0.024298,0.000000000000,0.347547,2.57143,1000,+----+
20,7,,1000,7,0.04,0.01,5.0,1.0,100,12,1000,0.5,0.02,60,10,3,0.0332125,0.000000000000,0.406569,8.16667,1000,---++-+
20,8,,1000,7,0.04,0.01,5.0,1.0,100,12,1000,0.5,0.02,60,10,8,0.04759,0.000000000000,0.493372,4,1000,---++-+-
20,9,,1000,7,0.04,0.01,5.0,1.0,100,12,1000,0.5,0.02,60,10,12,0.0671358,0.000000000000,0.579578,3.375,1000,+-++++--+
20,10,,1000,7,0.04,0.01,5.0,1.0,100,12,1000,0.5,0.02,60,10,13,0.0971881,0.000000000000,0.699007,3.84615,1000,++---+--+-
20,11,,1000,7,0.04,0.01,5.0,1.0,100,12,1000,0.5,0.02,60,10,5,0.116426,0.000000000000,0.865517,12.1,1000,---+++-++-+
20,12,,1000,7,0.04,0.01,5.0,1.0,100,12,1000,0.5,0.02,60,10,10,0.175575,0.000000000000,1.48471,7.2,1000,-----++--+-+
20,13,,1000,7,0.04,0.01,5.0,1.0,100,12,1000,0.5,0.02,60,10,6,0.199062,0.086948394775,3.46054,14.0833,1000,-----++--+-+-
20,14,,1000,7,0.04,0.01,5.0,1.0,100,12,1000,0.5,0.02,60,10,19,0.28225,0.000000000000,3.66701,5.15789,1000,-+-++++++--++-
20,15,,1000,7,0.04,0.01,5.0,1.0,100,12,1000,0.5,0.02,60,10,15,0.300945,0.021266937256,3.88313,7.5,1000,+-++-+++-+++---
20,16,,1000,7,0.04,0.01,5.0,1.0,100,12,1000,0.5,0.02,60,10,24,0.365887,0.000000000000,4.12139,5.33333,1000,+---+---+-++-+--
20,17,,1000,7,0.04,0.01,5.0,1.0,100,12,1000,0.5,0.02,60,10,32,0.403733,0.000000000000,4.30719,4.51562,1000,-+---+--+----++++
20,18,,1000,7,0.04,0.01,5.0,1.0,100,12,1000,0.5,0.02,60,10,25,0.468123,0.015281677246,4.53891,6.48,1000,++++----+-+--++--+
20,19,,1000,7,0.04,0.01,5.0,1.0,100,12,1000,0.5,0.02,60,10,29,0.530268,0.021138429642,4.73808,6.22414,1000,--+--++----+-+-++++
20,20,,1000,7,0.04,0.01,5.0,1.0,100,12,1000,0.5,0.02,60,10,26,0.595257,0.085919380188,4.95113,7.69231,1000,--++-++----+----+-+-
20,21,,1000,7,0.04,0.01,5.0,1.0,100,12,1000,0.5,0.02,60,10,26,0.656818,0.694371938705,5.12958,8.48077,1000,++-------++--+-+-+--+
20,22,,1000,7,0.04,0.01,5.0,1.0,100,12,1000,0.5,0.02,60,10,39,0.730582,0.068686246872,5.33491,6.20513,1000,+++++-++--+-+-++---+++
20,23,,1000,7,0.04,0.01,5.0,1.0,100,12,1000,0.5,0.02,60,10,47,0.848078,0.409291982651,5.72438,5.62766,1000,--+++------+-+-++-++-++
20,24,,1000,7,0.04,0.01,5.0,1.0,100,12,1000,0.5,0.02,60,10,36,0.887278,0.199170827866,5.85382,8,1000,--+++-------+-+-++-++--+
20,25,,1000,7,0.04,0.01,5.0,1.0,100,12,1000,0.5,0.02,60,10,36,0.988285,0.072061777115,6.18335,8.68056,1000,+--++-++-+-+-------+++---
21,1,,1000,7,0.04,0.01,5.0,1.0,100,12,1000,0.5,0.02,60,10,0,0.0108643,0.000000000000,0.0116085,N/A,0,+
21,2,,1000,7,0.04,0.01,5.0,1.0,100,12,1000,0.5,0.02,60,10,1,0.0102196,0.000000000000,0.139971,2,1000,++
21,3,,1000,7,0.04,0.01,5.0,1.0,100,12,1000,0.5,0.02,60,10,1,0.01497,0.000000000000,0.193144,4.5,1000,--+
21,4,,1000,7,0.04,0.01,5.0,1.0,100,12,1000,0.5,0.02,60,10,2,0.0148764,0.000000000000,0.228339,4,1000,+-++
21,5,,1000,7,0.04,0.01,5.0,1.0,100,12,1000,0.5,0.02,60,10,2,0.0182304,0.000000000000,0.285335,6.25,1000,---+-
21,6,,1000,7,0.04,0.01,5.0,1.0,100,12,1000,0.5,0.02,60,10,7,0.025859,0.000000000000,0.336648,2.57143,1000,++++-+
21,7,,1000,7,0.04,0.01,5.0,1.0,100,12,1000,0.5,0.02,60,10,3,0.0323327,0.000000000000,0.412615,8.16667,1000,---++-+
21,8,,1000,7,0.04,0.01,5.0,1.0,100,12,1000,0.5,0.02,60,10,8,0.0459366,0.000000000000,0.477647,4,1000,+++--+-+
21,9,,1000,7,0.04,0.01,5.0,1.0,100,12,1000,0.5,0.02,60,10,12,0.0811584,0.000000000000,0.57939,3.375,1000,---++--+-
21,10,,1000,7,0.04,0.01,5.0,1.0,100,12,1000,0.5,0.02,60,10,13,0.100491,0.000000000000,0.697611,3.84615,1000,--++-+----
21,11,,1000,7,0.04,0.01,5.0,1.0,100,12,1000,0.5,0.02,60,10,5,0.132817,0.000000000000,0.888086,12.1,1000,-+--+---+++
21,12,,1000,7,0.04,0.01,5.0,1.0,100,12,1000,0.5,0.02,60,10,10,0.181526,0.000000000000,1.53465,7.2,1000,++++--++-+-+
21,13,,1000,7,0.04,0.01,5.0,1.0,100,12,1000,0.5,0.02,60,10,6,0.232043,0.026224136353,3.50837,14.0833,1000,-+-+--++-----
21,14,,1000,7,0.04,0.01,5.0,1.0,100,12,1000,0.5,0.02,60,10,19,0.25786,0.000000000000,3.68398,5.15789,1000,++++++--++-+-+
21,15,,1000,7,0.04,0.01,5.0,1.0,100,12,1000,0.5,0.02,60,10,15,0.316033,0.000000000000,3.85061,7.5,1000,+++++--++--+-+-
21,16,,1000,7,0.04,0.01,5.0,1.0,100,12,1000,0.5,0.02,60,10,24,0.376522,0.000000000000,4.13224,5.33333,1000,--+-++-+---+---+
21,17,,1000,7,0.04,0.01,5.0,1.0,100,12,1000,0.5,0.02,60,10,32,0.411498,0.000000000000,4.31781,4.51562,1000,+++-+++---+-++-+-
21,18,,1000,7,0.04,0.01,5.0,1.0,100,12,1000,0.5,0.02,60,10,25,0.458137,0.036552667618,4.54031,6.48,1000,-++--+----++++-+-+
21,19,,1000,7,0.04,0.01,5.0,1.0,100,12,1000,0.5,0.02,60,10,29,0.536319,0.147297143936,4.76903,6.22414,1000,----+-+-++++--++-++
21,20,,1000,7,0.04,0.01,5.0,1.0,100,12,1000,0.5,0.02,60,10,26,0.594834,0.004636764526,4.93852,7.69231,1000,+-+-++++-++++--+--++
21,21,,1000,7,0.04,0.01,5.0,1.0,100,12,1000,0.5,0.02,60,10,26,0.674175,2.411332607269,5.22556,8.48077,1000,--+++++++--++-+-+-++-
21,22,,1000,7,0.04,0.01,5.0,1.0,100,12,1000,0.5,0.02,60,10,39,0.739509,0.009721517563,5.47645,6.20513,1000,-++-++--+++-------+-+-
21,23,,1000,7,0.04,0.01,5.0,1.0,100,12,1000,0.5,0.02,60,10,47,0.818702,0.191979646683,5.6866,5.62766,1000,-+++---++++++-+-+--+--+
21,24,,1000,7,0.04,0.01,5.0,1.0,100,12,1000,0.5,0.02,60,10,36,0.89873,0.997636318207,5.89388,8,1000,+--+--+-+-+------+++--++
21,25,,1000,7,0.04,0.01,5.0,1.0,100,12,1000,0.5,0.02,60,10,36,1.00195,1.227176904678,6.1684,8.68056,1000,+-++-++-+-+-++++++---++--
22,1,,1000,7,0.04,0.01,5.0,1.0,100,12,1000,0.5,0.02,60,10,0,0.0145069,0.000000000000,0.0152631,N/A,0,+
22,2,,1000,7,0.04,0.01,5.0,1.0,100,12,1000,0.5,0.02,60,10,1,0.0126971,0.000000000000,0.144569,2,1000,++
22,3,,1000,7,0.04,0.01,5.0,1.0,100,12,1000,0.5,0.02,60,10,1,0.0157513,0.000000000000,0.185407,4.5,1000,+--
22,4,,1000,7,0.04,0.01,5.0,1.0,100,12,1000,0.5,0.02,60,10,2,0.0149829,0.000000000000,0.228727,4,1000,+-++
22,5,,1000,7,0.04,0.01,5.0,1.0,100,12,1000,0.5,0.02,60,10,2,0.0186079,0.000000000000,0.287846,6.25,1000,-+---
22,6,,1000,7,0.04,0.01,5.0,1.0,100,12,1000,0.5,0.02,60,10,7,0.0249346,0.000000000000,0.338135,2.57143,1000,+-++--
22,7,,1000,7,0.04,0.01,5.0,1.0,100,12,1000,0.5,0.02,60,10,3,0.0328539,0.000000000000,0.413641,8.16667,1000,-+--+++
22,8,,1000,7,0.04,0.01,5.0,1.0,100,12,1000,0.5,0.02,60,10,8,0.0456259,0.000000000000,0.486131,4,1000,-+--++++
22,9,,1000,7,0.04,0.01,5.0,1.0,100,12,1000,0.5,0.02,60,10,12,0.0656833,0.000000000000,0.575988,3.375,1000,---+-++--
22,10,,1000,7,0.04,0.01,5.0,1.0,100,12,1000,0.5,0.02,60,10,13,0.110031,0.000000000000,0.709506,3.84615,1000,----++--+-
22,11,,1000,7,0.04,0.01,5.0,1.0,100,12,1000,0.5,0.02,60,10,5,0.127029,0.000000000000,0.880089,12.1,1000,+-++-+++---
22,12,,1000,7,0.04,0.01,5.0,1.0,100,12,1000,0.5,0.02,60,10,10,0.164232,0.000000000000,1.52499,7.2,1000,+-+-----++--
22,13,,1000,7,0.04,0.01,5.0,1.0,100,12,1000,0.5,0.02,60,10,6,0.234288,0.954050779343,3.51476,14.0833,1000,-+-+--++-----
22,14,,1000,7,0.04,0.01,5.0,1.0,100,12,1000,0.5,0.02,60,10,19,0.273008,0.000000000000,3.69363,5.15789,1000,-----++--+-+--
22,15,,1000,7,0.04,0.01,5.0,1.0,100,12,1000,0.5,0.02,60,10,15,0.315108,0.014743089676,3.93295,7.5,1000,+++---+---+--+-
22,16,,1000,7,0.04,0.01,5.0,1.0,100,12,1000,0.5,0.02,60,10,24,0.374097,0.000000000000,4.13954,5.33333,1000,+-++-+---+++-+++
22,17,,1000,7,0.04,0.01,5.0,1.0,100,12,1000,0.5,0.02,60,10,32,0.432174,0.004321336746,4.35616,4.51562,1000,+--++-+-++++++---
22,18,,1000,7,0.04,0.01,5.0,1.0,100,12,1000,0.5,0.02,60,10,25,0.484018,0.000000000000,4.51213,6.48,1000,+--++--+-+----++++
22,19,,1000,7,0.04,0.01,5.0,1.0,100,12,1000,0.5,0.02,60,10,29,0.543813,0.029579162598,4.8179,6.22414,1000,-+-++++++-+--++---+
22,20,,1000,7,0.04,0.01,5.0,1.0,100,12,1000,0.5,0.02,60,10,26,0.604097,0.212122201920,5.01132,7.69231,1000,++--+--++++-++++-+-+
22,21,,1000,7,0.04,0.01,5.0,1.0,100,12,1000,0.5,0.02,60,10,26,0.669696,0.122888565063,5.36069,8.48077,1000,--+++++++--++-+-+-++-
22,22,,1000,7,0.04,0.01,5.0,1.0,100,12,1000,0.5,0.02,60,10,39,0.793618,0.005064725876,5.48558,6.20513,1000,-+-+-------+++--++-++-
22,23,,1000,7,0.04,0.01,5.0,1.0,100,12,1000,0.5,0.02,60,10,47,0.828827,0.005180835724,5.7372,5.62766,1000,+--+--+-+-++++++---+++-
22,24,,1000,7,0.04,0.01,5.0,1.0,100,12,1000,0.5,0.02,60,10,36,0.903614,1.577999830246,6.00076,8,1000,++--+++------+-+-+--+--+
22,25,,1000,7,0.04,0.01,5.0,1.0,100,12,1000,0.5,0.02,60,10,36,1.00971,0.034335374832,6.32152,8.68056,1000,---+++-------+-+-++-++--+
23,1,,1000,7,0.04,0.01,5.0,1.0,100,12,1000,0.5,0.02,60,10,0,0.0109662,0.000000000000,0.0117096,N/A,0,+
23,2,,1000,7,0.04,0.01,5.0,1.0,100,12,1000,0.5,0.02,60,10,1,0.0103146,0.000000000000,0.139987,2,1000,++
23,3,,1000,7,0.04,0.01,5.0,1.0,100,12,1000,0.5,0.02,60,10,1,0.0151495,0.000000000000,0.185673,4.5,1000,+--
23,4,,1000,7,0.04,0.01,5.0,1.0,100,12,1000,0.5,0.02,60,10,2,0.0141749,0.000000000000,0.235149,4,1000,+-++
23,5,,1000,7,0.04,0.01,5.0,1.0,100,12,1000,0.5,0.02,60,10,2,0.0181155,0.000000000000,0.278643,6.25,1000,-+---
23,6,,1000,7,0.04,0.01,5.0,1.0,100,12,1000,0.5,0.02,60,10,7,0.0238303,0.000000000000,0.344986,2.57143,1000,++-+--
23,7,,1000,7,0.04,0.01,5.0,1.0,100,12,1000,0.5,0.02,60,10,3,0.0327091,0.000000000000,0.40367,8.16667,1000,---++-+
23,8,,1000,7,0.04,0.01,5.0,1.0,100,12,1000,0.5,0.02,60,10,8,0.0486148,0.000000000000,0.491689,4,1000,-+--++++
23,9,,1000,7,0.04,0.01,5.0,1.0,100,12,1000,0.5,0.02,60,10,12,0.0669127,0.000000000000,0.576465,3.375,1000,+++--++-+
23,10,,1000,7,0.04,0.01,5.0,1.0,100,12,1000,0.5,0.02,60,10,13,0.0945682,0.000000000000,0.695219,3.84615,1000,+-+-++----
23,11,,1000,7,0.04,0.01,5.0,1.0,100,12,1000,0.5,0.02,60,10,5,0.123373,0.000000000000,0.883085,12.1,1000,+++---+--+-
23,12,,1000,7,0.04,0.01,5.0,1.0,100,12,1000,0.5,0.02,60,10,10,0.177734,0.000000000000,1.53494,7.2,1000,+-+-----++--
23,13,,1000,7,0.04,0.01,5.0,1.0,100,12,1000,0.5,0.02,60,10,6,0.216213,0.875516891479,3.53679,14.0833,1000,-----++--+-+-
23,14,,1000,7,0.04,0.01,5.0,1.0,100,12,1000,0.5,0.02,60,10,19,0.250919,0.000000000000,3.72799,5.15789,1000,-----++--+-+-+
23,15,,1000,7,0.04,0.01,5.0,1.0,100,12,1000,0.5,0.02,60,10,15,0.300976,0.000000000000,3.89728,7.5,1000,+-+-++--++-----
23,16,,1000,7,0.04,0.01,5.0,1.0,100,12,1000,0.5,0.02,60,10,24,0.376904,0.003912687302,4.13108,5.33333,1000,+----++++-+++-++
23,17,,1000,7,0.04,0.01,5.0,1.0,100,12,1000,0.5,0.02,60,10,32,0.42018,0.000000000000,4.31096,4.51562,1000,+++------+-+--++-
23,18,,1000,7,0.04,0.01,5.0,1.0,100,12,1000,0.5,0.02,60,10,25,0.467525,0.034173011780,4.54973,6.48,1000,-+-++-+-----++--++
23,19,,1000,7,0.04,0.01,5.0,1.0,100,12,1000,0.5,0.02,60,10,29,0.53946,0.029642105103,4.76833,6.22414,1000,----+-+-++++--++-++
23,20,,1000,7,0.04,0.01,5.0,1.0,100,12,1000,0.5,0.02,60,10,26,0.594231,0.073526382446,4.98928,7.69231,1000,-----+-+++-+--+++--+
23,21,,1000,7,0.04,0.01,5.0,1.0,100,12,1000,0.5,0.02,60,10,26,0.664525,1.085820674896,5.22536,8.48077,1000,++-------++--+-+-+--+
23,22,,1000,7,0.04,0.01,5.0,1.0,100,12,1000,0.5,0.02,60,10,39,0.736545,0.023715496063,5.45386,6.20513,1000,+++--+++++++--+--+-+-+
23,23,,1000,7,0.04,0.01,5.0,1.0,100,12,1000,0.5,0.02,60,10,47,0.813966,0.010036945343,5.72687,5.62766,1000,--+++------+-+-++-++-++
23,24,,1000,7,0.04,0.01,5.0,1.0,100,12,1000,0.5,0.02,60,10,36,0.901469,0.195253610611,5.97399,8,1000,--++---++++++-+-+-++-++-
23,25,,1000,7,0.04,0.01,5.0,1.0,100,12,1000,0.5,0.02,60,10,36,1.00615,0.274974346161,6.16763,8.68056,1000,-++--+--+-+-+++++++---+++
24,1,,1000,7,0.04,0.01,5.0,1.0,100,12,1000,0.5,0.02,60,10,0,0.0115035,0.000000000000,0.0122596,N/A,0,+
24,2,,1000,7,0.04,0.01,5.0,1.0,100,12,1000,0.5,0.02,60,10,1,0.0102976,0.000000000000,0.139841,2,1000,++
24,3,,1000,7,0.04,0.01,5.0,1.0,100,12,1000,0.5,0.02,60,10,1,0.015211,0.000000000000,0.184852,4.5,1000,+--
24,4,,1000,7,0.04,0.01,5.0,1.0,100,12,1000,0.5,0.02,60,10,2,0.0143411,0.000000000000,0.227987,4,1000,+---
24,5,,1000,7,0.04,0.01,5.0,1.0,100,12,1000,0.5,0.02,60,10,2,0.0222814,0.000000000000,0.286433,6.25,1000,+-+++
24,6,,1000,7,0.04,0.01,5.0,1.0,100,12,1000,0.5,0.02,60,10,7,0.0242117,0.000000000000,0.337836,2.57143,1000,+-+---
24,7,,1000,7,0.04,0.01,5.0,1.0,100,12,1000,0.5,0.02,60,10,3,0.0332474,0.000000000000,0.411661,8.16667,1000,---++-+
24,8,,1000,7,0.04,0.01,5.0,1.0,100,12,1000,0.5,0.02,60,10,8,0.0456278,0.000000000000,0.485137,4,1000,-+-++---
24,9,,1000,7,0.04,0.01,5.0,1.0,100,12,1000,0.5,0.02,60,10,12,0.0659926,0.000000000000,0.574912,3.375,1000,---+-++--
24,10,,1000,7,0.04,0.01,5.0,1.0,100,12,1000,0.5,0.02,60,10,13,0.104846,0.000000000000,0.702538,3.84615,1000,-+-++-----
24,11,,1000,7,0.04,0.01,5.0,1.0,100,12,1000,0.5,0.02,60,10,5,0.129397,0.000000000000,0.883002,12.1,1000,+-++-+++---
24,12,,1000,7,0.04,0.01,5.0,1.0,100,12,1000,0.5,0.02,60,10,10,0.178256,0.000000000000,1.50253,7.2,1000,--++-----+-+
24,13,,1000,7,0.04,0.01,5.0,1.0,100,12,1000,0.5,0.02,60,10,6,0.222212,1.635716676712,3.50101,14.0833,1000,+-+-++--+++++
24,14,,1000,7,0.04,0.01,5.0,1.0,100,12,1000,0.5,0.02,60,10,19,0.254333,0.000000000000,3.70809,5.15789,1000,-----+-+--++--
24,15,,1000,7,0.04,0.01,5.0,1.0,100,12,1000,0.5,0.02,60,10,15,0.283668,0.000000000000,3.87822,7.5,1000,-+-+--++--+++++
24,16,,1000,7,0.04,0.01,5.0,1.0,100,12,1000,0.5,0.02,60,10,24,0.419744,0.000000000000,4.19089,5.33333,1000,+-+--++---++++++
24,17,,1000,7,0.04,0.01,5.0,1.0,100,12,1000,0.5,0.02,60,10,32,0.426136,0.004139900208,4.35155,4.51562,1000,++-+-+----++--+--
24,18,,1000,7,0.04,0.01,5.0,1.0,100,12,1000,0.5,0.02,60,10,25,0.480818,0.020635366440,4.57239,6.48,1000,----++++-+-++--++-
24,19,,1000,7,0.04,0.01,5.0,1.0,100,12,1000,0.5,0.02,60,10,29,0.536824,0.079707145691,4.77099,6.22414,1000,+-+------+-++--+++-
24,20,,1000,7,0.04,0.01,5.0,1.0,100,12,1000,0.5,0.02,60,10,26,0.599315,0.013222217560,4.99186,7.69231,1000,+-+-++++-++++--+--++
24,21,,1000,7,0.04,0.01,5.0,1.0,100,12,1000,0.5,0.02,60,10,26,0.665429,0.013854980469,5.16495,8.48077,1000,--+++++++--++-+-+-++-
24,22,,1000,7,0.04,0.01,5.0,1.0,100,12,1000,0.5,0.02,60,10,39,0.736101,0.032830238342,5.47038,6.20513,1000,-+-+-++-++-------++---
24,23,,1000,7,0.04,0.01,5.0,1.0,100,12,1000,0.5,0.02,60,10,47,0.812057,0.053472280502,5.72756,5.62766,1000,+++--++++++--+--+-+-+-+
24,24,,1000,7,0.04,0.01,5.0,1.0,100,12,1000,0.5,0.02,60,10,36,0.908049,0.010390996933,5.98277,8,1000,-++-++-+-+-++++++---++--
24,25,,1000,7,0.04,0.01,5.0,1.0,100,12,1000,0.5,0.02,60,10,36,0.995918,0.126572847366,6.1929,8.68056,1000,-+--+--+-+-+------+++--++
25,1,,1000,7,0.04,0.01,5.0,1.0,100,12,1000,0.5,0.02,60,10,0,0.0110479,0.000000000000,0.0117864,N/A,0,+
25,2,,1000,7,0.04,0.01,5.0,1.0,100,12,1000,0.5,0.02,60,10,1,0.0103361,0.000000000000,0.144111,2,1000,++
25,3,,1000,7,0.04,0.01,5.0,1.0,100,12,1000,0.5,0.02,60,10,1,0.0183117,0.000000000000,0.189248,4.5,1000,+--
25,4,,1000,7,0.04,0.01,5.0,1.0,100,12,1000,0.5,0.02,60,10,2,0.0144977,0.000000000000,0.227208,4,1000,+-++
25,5,,1000,7,0.04,0.01,5.0,1.0,100,12,1000,0.5,0.02,60,10,2,0.0185487,0.000000000000,0.288033,6.25,1000,-+---
25,6,,1000,7,0.04,0.01,5.0,1.0,100,12,1000,0.5,0.02,60,10,7,0.0242388,0.000000000000,0.336782,2.57143,1000,+-++--
25,7,,1000,7,0.04,0.01,5.0,1.0,100,12,1000,0.5,0.02,60,10,3,0.0324839,0.000000000000,0.412953,8.16667,1000,+-++---
25,8,,1000,7,0.04,0.01,5.0,1.0,100,12,1000,0.5,0.02,60,10,8,0.0485589,0.000000000000,0.480983,4,1000,++----+-
25,9,,1000,7,0.04,0.01,5.0,1.0,100,12,1000,0.5,0.02,60,10,12,0.0739813,0.000000000000,0.575857,3.375,1000,+++--++-+
25,10,,1000,7,0.04,0.01,5.0,1.0,100,12,1000,0.5,0.02,60,10,13,0.103241,0.000000000000,0.701249,3.84615,1000,---+++-++-
25,11,,1000,7,0.04,0.01,5.0,1.0,100,12,1000,0.5,0.02,60,10,5,0.146707,0.000000000000,0.903362,12.1,1000,-+--+---+++
25,12,,1000,7,0.04,0.01,5.0,1.0,100,12,1000,0.5,0.02,60,10,10,0.188159,0.000000000000,1.57135,7.2,1000,+++++--++-+-
25,13,,1000,7,0.04,0.01,5.0,1.0,100,12,1000,0.5,0.02,60,10,6,0.231101,0.000000000000,3.50569,14.0833,1000,+++++--++-+-+
25,14,,1000,7,0.04,0.01,5.0,1.0,100,12,1000,0.5,0.02,60,10,19,0.28247,0.000000000000,3.70316,5.15789,1000,--++--+-+-----
25,15,,1000,7,0.04,0.01,5.0,1.0,100,12,1000,0.5,0.02,60,10,15,0.330781,0.000000000000,3.89636,7.5,1000,---+++-+++-++-+
25,16,,1000,7,0.04,0.01,5.0,1.0,100,12,1000,0.5,0.02,60,10,24,0.380466,0.003963470459,4.08964,5.33333,1000,-+---+--+----+++
25,17,,1000,7,0.04,0.01,5.0,1.0,100,12,1000,0.5,0.02,60,10,32,0.422994,0.008042573929,4.29741,4.51562,1000,++++--++-++-+-+--
25,18,,1000,7,0.04,0.01,5.0,1.0,100,12,1000,0.5,0.02,60,10,25,0.483131,0.048623561859,4.57325,6.48,1000,++++----+-+--++--+
25,19,,1000,7,0.04,0.01,5.0,1.0,100,12,1000,0.5,0.02,60,10,29,0.537757,0.091583013535,4.73417,6.22414,1000,++++-+-+----++--+--
25,20,,1000,7,0.04,0.01,5.0,1.0,100,12,1000,0.5,0.02,60,10,26,0.599759,0.052522897720,4.95754,7.69231,1000,++--+--++++-++++-+-+
25,21,,1000,7,0.04,0.01,5.0,1.0,100,12,1000,0.5,0.02,60,10,26,0.665857,0.080998182297,5.23054,8.48077,1000,--+++++++--++-+-+-++-
25,22,,1000,7,0.04,0.01,5.0,1.0,100,12,1000,0.5,0.02,60,10,39,0.735523,0.060649394989,5.4616,6.20513,1000,---++-------++-++-+-+-
25,23,,1000,7,0.04,0.01,5.0,1.0,100,12,1000,0.5,0.02,60,10,47,0.820335,0.193148612976,5.76173,5.62766,1000,---++------++-++-+-+-+-
25,24,,1000,7,0.04,0.01,5.0,1.0,100,12,1000,0.5,0.02,60,10,36,0.91028,0.074902534485,5.9153,8,1000,+--+--+-+-+------+++--++
25,25,,1000,7,0.04,0.01,5.0,1.0,100,12,1000,0.5,0.02,60,10,36,1.05573,0.396598577499,6.30963,8.68056,1000,---+++-------+-+-++-++--+
