Run,N,CUDA-Q Target,Shots,Population,T,Trotter Steps,Best E,Q Sample Time,MTS Conv. Time,Total Time,Merit F.,Generations,Sequence
1,1,,1000,100,1.0,3,0,0.113932,0.000000000000,0.114208,N/A,0,+
1,2,,1000,100,1.0,3,1,0.0020791,0.000000000000,0.138033,2,1000,++
1,3,,1000,100,1.0,3,1,0.0026293,0.000000000000,0.16796,4.5,1000,-++
1,4,,1000,100,1.0,3,2,0.00524302,0.000000000000,0.213247,4,1000,-+++
1,5,,1000,100,1.0,3,2,0.00543962,0.000421285629,0.267534,6.25,1000,+-+++
1,6,,1000,100,1.0,3,7,0.00911054,0.000000000000,0.313341,2.57143,1000,+-++++
1,7,,1000,100,1.0,3,3,0.0145361,0.000570058823,0.385044,8.16667,1000,-+--+++
1,8,,1000,100,1.0,3,8,0.0228182,0.000000000000,0.446625,4,1000,+--+-+++
1,9,,1000,100,1.0,3,12,0.0348521,0.000000000000,0.530221,3.375,1000,+-+--++++
1,10,,1000,100,1.0,3,13,0.0500871,0.000860929489,0.637019,3.84615,1000,-+-++++--+
1,11,,1000,100,1.0,3,5,0.0652778,0.000977754593,0.826081,12.1,1000,-+--+---+++
1,12,,1000,100,1.0,3,10,0.0920287,0.001077175140,1.46831,7.2,1000,----+-+--++-
1,13,,1000,100,1.0,3,6,0.115424,0.115787982941,3.36489,14.0833,1000,+-+-++--+++++
1,14,,1000,100,1.0,3,19,0.156299,0.003994941711,3.66398,5.15789,1000,----+-+-++--++
1,15,,1000,100,1.0,3,15,0.214075,0.011701345444,3.95207,7.5,1000,+-++-+++-+++---
1,16,,1000,100,1.0,3,24,0.280854,0.016245841980,4.17059,5.33333,1000,-++++----+---+--
1,17,,1000,100,1.0,3,32,0.313656,0.008592367172,4.3919,4.51562,1000,+++------+-+--++-
1,18,,1000,100,1.0,3,25,0.383603,0.004634857178,4.60366,6.48,1000,++--+++-+--+-+++++
1,19,,1000,100,1.0,3,29,0.473658,0.070418119431,4.73302,6.22414,1000,-+++--++-+------+-+
1,20,,1000,100,1.0,3,26,0.552116,0.070241689682,4.92058,7.69231,1000,-++---++-+---+-+++++
1,21,,1000,100,1.0,3,26,0.654665,1.303569555283,5.22964,8.48077,1000,++-------++--+-+-+--+
1,22,,1000,100,1.0,3,39,0.84725,0.005326986313,5.62566,6.20513,1000,-++-++--+++-------+-+-
1,23,,1000,100,1.0,3,47,0.892289,0.232660293579,5.86801,5.62766,1000,-++-++++-++++---+-+++-+
1,24,,1000,100,1.0,3,36,1.02412,0.347992181778,6.14575,8,1000,-++--+--+-+-+++++++---++
1,25,,1000,100,1.0,3,36,1.40632,0.329440593719,6.74144,8.68056,1000,-++--+--+-+-+++++++---+++
1,26,,1000,100,1.0,3,45,2.83628,0.152013540268,8.32844,7.51111,1000,+++---+++++++-+-+--+--++-+
1,27,,1000,100,1.0,3,53,6.09258,0.155966043472,11.7396,6.87736,1000,++++++--+--+--+++---++-+-+-
1,28,,1000,100,1.0,3,50,13.2752,0.046542406082,19.0829,7.84,1000,+-++-+--+---+---+---++++---+
1,29,,1000,100,1.0,3,62,29.2838,5.968326807022,35.2582,6.78226,1000,+++--+++-------+-+-+--+--++-+
2,1,,1000,100,1.0,3,0,0.00202031,0.000000000000,0.00211033,N/A,0,+
2,2,,1000,100,1.0,3,1,0.0012663,0.000000000000,0.12958,2,1000,++
2,3,,1000,100,1.0,3,1,0.00191245,0.000000000000,0.169296,4.5,1000,-++
2,4,,1000,100,1.0,3,2,0.00339259,0.000000000000,0.221981,4,1000,-+++
2,5,,1000,100,1.0,3,2,0.00653026,0.000433206558,0.263548,6.25,1000,---+-
2,6,,1000,100,1.0,3,7,0.0116471,0.000000000000,0.328098,2.57143,1000,+-++++
2,7,,1000,100,1.0,3,3,0.0189009,0.000610113144,0.394919,8.16667,1000,-+--+++
2,8,,1000,100,1.0,3,8,0.0296581,0.000000000000,0.454995,4,1000,+--+-+++
2,9,,1000,100,1.0,3,12,0.0512271,0.000000000000,0.550579,3.375,1000,+-+--++++
2,10,,1000,100,1.0,3,13,0.0713128,0.000000000000,0.662643,3.84615,1000,++--+-++++
2,11,,1000,100,1.0,3,5,0.0864007,0.001133680344,0.850796,12.1,1000,-+--+---+++
2,12,,1000,100,1.0,3,10,0.114685,0.003329992294,1.53415,7.2,1000,+-+-++--++++
2,13,,1000,100,1.0,3,6,0.150297,0.017592191696,3.48251,14.0833,1000,+-+-++--+++++
2,14,,1000,100,1.0,3,19,0.187462,0.004019498825,3.67746,5.15789,1000,++--++-+-+++++
2,15,,1000,100,1.0,3,15,0.233404,0.007723808289,3.8758,7.5,1000,-+-+--++--+++++
2,16,,1000,100,1.0,3,24,0.282052,0.011831998825,4.08061,5.33333,1000,--++-----+-+-++-
2,17,,1000,100,1.0,3,32,0.346127,0.004396200180,4.31869,4.51562,1000,++-++--++++-+-+--
2,18,,1000,100,1.0,3,25,0.410199,0.017074346542,4.53755,6.48,1000,--++--+++++-+--+-+
2,19,,1000,100,1.0,3,29,0.496504,0.034230232239,4.78177,6.22414,1000,+-+------+-++--+++-
2,20,,1000,100,1.0,3,26,0.575391,0.155446052551,5.04837,7.69231,1000,-+-+----+----++-++--
2,21,,1000,100,1.0,3,26,0.687306,0.435893774033,5.31619,8.48077,1000,-++-+-+-++--+++++++--
2,22,,1000,100,1.0,3,39,0.789893,0.062696933746,5.58873,6.20513,1000,-+-+-++-++-------++---
2,23,,1000,100,1.0,3,47,0.897055,0.221713304520,5.90652,5.62766,1000,++---++++++-+-+--+--+--
2,24,,1000,100,1.0,3,36,1.03901,0.345560550690,6.22907,8,1000,++--+++------+-+-+--+--+
2,25,,1000,100,1.0,3,36,1.41478,0.064371824265,6.76448,8.68056,1000,-++--+--+-+-+++++++---+++
2,26,,1000,100,1.0,3,45,2.85767,0.298174858093,8.38692,7.51111,1000,-+-+-++-++--+-------+++---
2,27,,1000,100,1.0,3,37,6.07403,0.096345663071,11.727,9.85135,1000,-+--+-++-+++-+++-+++----+++
2,28,,1000,100,1.0,3,50,13.2492,1.263645648956,19.0849,7.84,1000,--+--+-++-+++-+++-+++----+++
2,29,,1000,100,1.0,3,62,29.2716,0.393237352371,35.2591,6.78226,1000,+++--+++-------+-+-+--+--++-+
3,1,,1000,100,1.0,3,0,0.00173543,0.000000000000,0.00182665,N/A,0,+
3,2,,1000,100,1.0,3,1,0.00120249,0.000000000000,0.129955,2,1000,++
3,3,,1000,100,1.0,3,1,0.00195016,0.000000000000,0.17791,4.5,1000,-++
3,4,,1000,100,1.0,3,2,0.00350663,0.000000000000,0.212029,4,1000,-+++
3,5,,1000,100,1.0,3,2,0.00643378,0.000412940979,0.272103,6.25,1000,+-+++
3,6,,1000,100,1.0,3,7,0.011553,0.000000000000,0.318351,2.57143,1000,+-+++-
3,7,,1000,100,1.0,3,3,0.019268,0.000602483749,0.393698,8.16667,1000,---++-+
3,8,,1000,100,1.0,3,8,0.0298998,0.000000000000,0.465531,4,1000,+--+-+++
3,9,,1000,100,1.0,3,12,0.0453854,0.000000000000,0.549347,3.375,1000,+-+--++++
3,10,,1000,100,1.0,3,13,0.0672325,0.000000000000,0.661797,3.84615,1000,-+-++--+++
3,11,,1000,100,1.0,3,5,0.0874263,0.001815795898,0.861534,12.1,1000,-+--+---+++
3,12,,1000,100,1.0,3,10,0.118678,0.001232147217,1.4957,7.2,1000,--++-----+-+
3,13,,1000,100,1.0,3,6,0.155109,0.013732433319,3.46141,14.0833,1000,+++++--++-+-+
3,14,,1000,100,1.0,3,19,0.18788,0.004001617432,3.6703,5.15789,1000,+++++---+-+--+
3,15,,1000,100,1.0,3,15,0.240761,0.004036664963,3.90719,7.5,1000,-+-+--++--+++++
3,16,,1000,100,1.0,3,24,0.299269,0.007901430130,4.08487,5.33333,1000,+-++-+---+++-+++
3,17,,1000,100,1.0,3,32,0.346118,0.008631944656,4.29865,4.51562,1000,-+-++--+++------+
3,18,,1000,100,1.0,3,25,0.422448,0.025032997131,4.53838,6.48,1000,++--+++-+--+-+++++
3,19,,1000,100,1.0,3,29,0.501852,0.076548099518,4.8066,6.22414,1000,----+-+-++++--++-++
3,20,,1000,100,1.0,3,26,0.59086,0.159489154816,5.05906,7.69231,1000,+--+++--+-+++-+-----
3,21,,1000,100,1.0,3,26,0.682536,0.350940465927,5.29619,8.48077,1000,--+++++++--++-+-+-++-
3,22,,1000,100,1.0,3,39,0.793428,0.182811260223,5.61394,6.20513,1000,--+++--++-++-+-+-+++++
3,23,,1000,100,1.0,3,47,0.918015,0.119403839111,5.95037,5.62766,1000,++---++++++-+-+--+--+--
3,24,,1000,100,1.0,3,36,1.03732,0.176224946976,6.21434,8,1000,++--+++------+-+-+--+--+
3,25,,1000,100,1.0,3,36,1.3998,0.321313619614,6.76144,8.68056,1000,+--++-++-+-+-------+++---
3,26,,1000,100,1.0,3,45,2.85775,0.419658422470,8.34415,7.51111,1000,---+++-------+--++-++-+-+-
3,27,,1000,100,1.0,3,37,6.10578,0.424458026886,11.7531,9.85135,1000,+-++-+--+---+---+---++++---
3,28,,1000,100,1.0,3,50,13.2606,0.424837350845,19.082,7.84,1000,-+--+-++-+++-+++-+++----+++-
3,29,,1000,100,1.0,3,62,29.2499,0.416185379028,35.2186,6.78226,1000,+---++++---+---+---+--+-++-++
4,1,,1000,100,1.0,3,0,0.00179122,0.000000000000,0.00189566,N/A,0,+
4,2,,1000,100,1.0,3,1,0.00124318,0.000000000000,0.133202,2,1000,++
4,3,,1000,100,1.0,3,1,0.00141818,0.000000000000,0.172976,4.5,1000,-++
4,4,,1000,100,1.0,3,2,0.00331631,0.000000000000,0.211026,4,1000,-+++
4,5,,1000,100,1.0,3,2,0.00659826,0.000470399857,0.272116,6.25,1000,---+-
4,6,,1000,100,1.0,3,7,0.0116233,0.000000000000,0.321387,2.57143,1000,+-+++-
4,7,,1000,100,1.0,3,3,0.0191943,0.000603199005,0.39532,8.16667,1000,-+--+++
4,8,,1000,100,1.0,3,8,0.0304363,0.000000000000,0.466417,4,1000,+--+-+++
4,9,,1000,100,1.0,3,12,0.0469943,0.000000000000,0.557269,3.375,1000,+-+--++++
4,10,,1000,100,1.0,3,13,0.0649385,0.000000000000,0.657792,3.84615,1000,-+-++--+++
4,11,,1000,100,1.0,3,5,0.0852104,0.002431869507,0.857723,12.1,1000,+-++-+++---
4,12,,1000,100,1.0,3,10,0.114419,0.003442049026,1.50665,7.2,1000,++--+++++-+-
4,13,,1000,100,1.0,3,6,0.149359,0.036702156067,3.4642,14.0833,1000,+-+-++--+++++
4,14,,1000,100,1.0,3,19,0.190479,0.000000000000,3.69986,5.15789,1000,+++++--++-+-++
4,15,,1000,100,1.0,3,15,0.242151,0.045228004456,3.88039,7.5,1000,+++---+---+--+-
4,16,,1000,100,1.0,3,24,0.302347,0.004212379456,4.09985,5.33333,1000,+--++-+-++++++--
4,17,,1000,100,1.0,3,32,0.34879,0.012180089951,4.31269,4.51562,1000,+--++-+-++++++---
4,18,,1000,100,1.0,3,25,0.420503,0.037049531937,4.5333,6.48,1000,++--++-----+-++-+-
4,19,,1000,100,1.0,3,29,0.505268,0.055586814880,4.80571,6.22414,1000,----+-+-++++--++-++
4,20,,1000,100,1.0,3,26,0.592297,0.118959665298,5.02653,7.69231,1000,-++---++-+---+-+++++
4,21,,1000,100,1.0,3,26,0.688705,0.539706230164,5.31779,8.48077,1000,++-------++--+-+-+--+
4,22,,1000,100,1.0,3,39,0.801836,0.062584161758,5.58538,6.20513,1000,--+++--++-++-+-+-+++++
4,23,,1000,100,1.0,3,47,0.917359,0.180435657501,5.90697,5.62766,1000,+-++--+-+-++---++++++++
4,24,,1000,100,1.0,3,36,1.04662,0.129092931747,6.22685,8,1000,-++--+--+-+-+++++++---++
4,25,,1000,100,1.0,3,36,1.4133,0.169225215912,6.73357,8.68056,1000,+--++-++-+-+-------+++---
4,26,,1000,100,1.0,3,45,2.85859,0.050974845886,8.34853,7.51111,1000,+-+-+--+--++-+++++++---+++
4,27,,1000,100,1.0,3,37,6.1018,0.415124654770,11.7598,9.85135,1000,+++----+++-+++-+++-++-+--+-
4,28,,1000,100,1.0,3,50,13.2613,0.557908535004,19.0593,7.84,1000,--+--+-++-+++-+++-+++----+++
4,29,,1000,100,1.0,3,62,29.2646,0.632032394409,35.2824,6.78226,1000,-+++----+++-+++-+++-++-+--+--
5,1,,1000,100,1.0,3,0,0.0021545,0.000000000000,0.00225021,N/A,0,+
5,2,,1000,100,1.0,3,1,0.00125503,0.000000000000,0.130187,2,1000,++
5,3,,1000,100,1.0,3,1,0.00162824,0.000000000000,0.169457,4.5,1000,-++
5,4,,1000,100,1.0,3,2,0.00349174,0.000000000000,0.222709,4,1000,-+++
5,5,,1000,100,1.0,3,2,0.00679197,0.000468015671,0.263116,6.25,1000,---+-
5,6,,1000,100,1.0,3,7,0.0120695,0.000000000000,0.329463,2.57143,1000,+-++++
5,7,,1000,100,1.0,3,3,0.0199011,0.000603914261,0.392872,8.16667,1000,---++-+
5,8,,1000,100,1.0,3,8,0.0314726,0.000000000000,0.462333,4,1000,+--+-+++
5,9,,1000,100,1.0,3,12,0.0508243,0.000000000000,0.56132,3.375,1000,+-+--++++
5,10,,1000,100,1.0,3,13,0.0692753,0.000000000000,0.660372,3.84615,1000,-+-++--+++
5,11,,1000,100,1.0,3,5,0.0863059,0.005933761597,0.854105,12.1,1000,-+--+---+++
5,12,,1000,100,1.0,3,10,0.131641,0.000000000000,1.53678,7.2,1000,+-+-++--++++
5,13,,1000,100,1.0,3,6,0.159058,0.031792402267,3.47758,14.0833,1000,-+-+--++-----
5,14,,1000,100,1.0,3,19,0.194737,0.000000000000,3.66967,5.15789,1000,++--++-+-+++++
5,15,,1000,100,1.0,3,15,0.259784,0.004125118256,3.89553,7.5,1000,+++---+---+--+-
5,16,,1000,100,1.0,3,24,0.298196,0.007848024368,4.1003,5.33333,1000,+-++-+---+++-+++
5,17,,1000,100,1.0,3,32,0.373998,0.004360914230,4.33795,4.51562,1000,-++++----+---+--+
5,18,,1000,100,1.0,3,25,0.445537,0.009059906006,4.5861,6.48,1000,--++---+-++-+-----
5,19,,1000,100,1.0,3,29,0.515279,0.030308961868,4.79438,6.22414,1000,+-+------+-++--+++-
5,20,,1000,100,1.0,3,26,0.606203,0.067034959793,5.08137,7.69231,1000,-+-+----+----++-++--
5,21,,1000,100,1.0,3,26,0.713611,0.228414535522,5.33821,8.48077,1000,+--+-+-+--++-------++
5,22,,1000,100,1.0,3,39,0.813728,0.132476091385,5.60659,6.20513,1000,-----+-+-+--+--++---++
5,23,,1000,100,1.0,3,47,0.934432,0.129380464554,5.94804,5.62766,1000,--+--+--+-+-++++++---++
5,24,,1000,100,1.0,3,36,1.07099,0.021074056625,6.24659,8,1000,+--+--+-+-+------+++--++
5,25,,1000,100,1.0,3,36,1.43323,0.037703990936,6.79056,8.68056,1000,-+--+--+-+-+------+++--++
5,26,,1000,100,1.0,3,45,2.9,0.088205575943,8.38804,7.51111,1000,--++---++++++-+-+-++-++-++
5,27,,1000,100,1.0,3,37,6.13124,2.199528217316,11.7692,9.85135,1000,-+--+-++-+++-+++-+++----+++
5,28,,1000,100,1.0,3,50,13.2906,3.638140201569,19.1085,7.84,1000,+-++-+--+---+---+---++++---+
5,29,,1000,100,1.0,3,62,29.267,1.232624292374,35.2634,6.78226,1000,++-++-+--+---+---+---++++---+
6,1,,1000,100,1.0,3,0,0.00182393,0.000000000000,0.0019191,N/A,0,+
6,2,,1000,100,1.0,3,1,0.00126324,0.000000000000,0.138866,2,1000,++
6,3,,1000,100,1.0,3,1,0.00198592,0.000000000000,0.169261,4.5,1000,-++
6,4,,1000,100,1.0,3,2,0.00350489,0.000000000000,0.212965,4,1000,-+++
6,5,,1000,100,1.0,3,2,0.00652294,0.000478744507,0.27311,6.25,1000,+-+++
6,6,,1000,100,1.0,3,7,0.0120358,0.000000000000,0.323946,2.57143,1000,+-+++-
6,7,,1000,100,1.0,3,3,0.0224755,0.001349449158,0.38956,8.16667,1000,---++-+
6,8,,1000,100,1.0,3,8,0.0311765,0.000000000000,0.466001,4,1000,+--+-+++
6,9,,1000,100,1.0,3,12,0.0471258,0.000000000000,0.550072,3.375,1000,+-+--++++
6,10,,1000,100,1.0,3,13,0.068194,0.001025438309,0.658997,3.84615,1000,+--+---+++
6,11,,1000,100,1.0,3,5,0.0908896,0.002566576004,0.855941,12.1,1000,---+++-++-+
6,12,,1000,100,1.0,3,10,0.116369,0.005479335785,1.53712,7.2,1000,-++--+-+----
6,13,,1000,100,1.0,3,6,0.151596,0.118350982666,3.47105,14.0833,1000,-----++--+-+-
6,14,,1000,100,1.0,3,19,0.213596,0.000000000000,3.69793,5.15789,1000,+++++--++-+-++
6,15,,1000,100,1.0,3,15,0.253124,0.043680667877,3.90061,7.5,1000,-----++--++-+-+
6,16,,1000,100,1.0,3,24,0.306148,0.008027553558,4.09133,5.33333,1000,+-+-+--+--++----
6,17,,1000,100,1.0,3,32,0.368539,0.012163162231,4.32919,4.51562,1000,-+--+-+-+++++--++
6,18,,1000,100,1.0,3,25,0.445021,0.008717775345,4.59434,6.48,1000,-+-++-+-----++--++
6,19,,1000,100,1.0,3,29,0.517198,0.072999954224,4.82314,6.22414,1000,-+-++++++-+--++---+
6,20,,1000,100,1.0,3,26,0.625489,0.049419403076,5.10376,7.69231,1000,--++-++----+----+-+-
6,21,,1000,100,1.0,3,26,0.72705,0.160833120346,5.3578,8.48077,1000,+--+-+-+--++-------++
6,22,,1000,100,1.0,3,39,0.82412,0.029090642929,5.60028,6.20513,1000,++---++--+--+-+-+-----
6,23,,1000,100,1.0,3,47,0.944459,0.100572109222,5.98257,5.62766,1000,--------+++--+-+-++--+-
6,24,,1000,100,1.0,3,36,1.059,0.077610969543,6.27354,8,1000,-++--+--+-+-+++++++---++
6,25,,1000,100,1.0,3,36,1.41789,0.084873914719,6.75534,8.68056,1000,+--++-++-+-+-------+++---
6,26,,1000,100,1.0,3,45,2.86493,0.765551328659,8.36612,7.51111,1000,--++---++++++-+-+-++-++-++
6,27,,1000,100,1.0,3,37,6.1204,1.534885644913,11.7705,9.85135,1000,---++++---+---+---+--+-++-+
6,28,,1000,100,1.0,3,50,13.29,0.041113138199,19.1213,7.84,1000,+++----+++-+++-+++-++-+--+--
6,29,,1000,100,1.0,3,62,29.2845,0.329502105713,35.2765,6.78226,1000,--+--+-++-+++-+++-+++----+++-
7,1,,1000,100,1.0,3,0,0.00184815,0.000000000000,0.00194869,N/A,0,+
7,2,,1000,100,1.0,3,1,0.00126525,0.000000000000,0.130159,2,1000,++
7,3,,1000,100,1.0,3,1,0.00182817,0.000000000000,0.169901,4.5,1000,-++
7,4,,1000,100,1.0,3,2,0.00342497,0.000000000000,0.221755,4,1000,-+++
7,5,,1000,100,1.0,3,2,0.00672404,0.000425338745,0.264465,6.25,1000,+-+++
7,6,,1000,100,1.0,3,7,0.0119361,0.000000000000,0.330324,2.57143,1000,+-+++-
7,7,,1000,100,1.0,3,3,0.0197435,0.000593662262,0.395521,8.16667,1000,-+--+++
7,8,,1000,100,1.0,3,8,0.0316457,0.000000000000,0.458305,4,1000,+--+-+++
7,9,,1000,100,1.0,3,12,0.0544173,0.000000000000,0.559498,3.375,1000,+-+--++++
7,10,,1000,100,1.0,3,13,0.0679022,0.000976324081,0.659902,3.84615,1000,++--+-++++
7,11,,1000,100,1.0,3,5,0.0892159,0.002696514130,0.855914,12.1,1000,+-++-+++---
7,12,,1000,100,1.0,3,10,0.127916,0.000000000000,1.51699,7.2,1000,+--++-+-++++
7,13,,1000,100,1.0,3,6,0.149726,0.117975473404,3.47469,14.0833,1000,+-+-++--+++++
7,14,,1000,100,1.0,3,19,0.199352,0.003951787949,3.68882,5.15789,1000,-+++++--++-+-+
7,15,,1000,100,1.0,3,15,0.245828,0.007664918900,3.91649,7.5,1000,+-++-+++-+++---
7,16,,1000,100,1.0,3,24,0.308139,0.004223823547,4.11353,5.33333,1000,-++-+-+-----++--
7,17,,1000,100,1.0,3,32,0.362628,0.004520416260,4.31736,4.51562,1000,--+++++--++-+-++-
7,18,,1000,100,1.0,3,25,0.434495,0.004579067230,4.56301,6.48,1000,-++--++-+-++++----
7,19,,1000,100,1.0,3,29,0.527115,0.004702329636,4.81739,6.22414,1000,++++-+-+----++--+--
7,20,,1000,100,1.0,3,26,0.615106,0.005001306534,5.09311,7.69231,1000,-+-+----+----++-++--
7,21,,1000,100,1.0,3,26,0.706677,1.439034938812,5.32905,8.48077,1000,++-------++--+-+-+--+
7,22,,1000,100,1.0,3,39,0.818433,0.005331754684,5.60498,6.20513,1000,-+--++-+-+-++---++++++
7,23,,1000,100,1.0,3,47,0.934017,0.030713081360,5.96238,5.62766,1000,+++--++++++--+--+-+-+-+
7,24,,1000,100,1.0,3,36,1.04887,0.562138080597,6.2126,8,1000,--++---++++++-+-+-++-++-
7,25,,1000,100,1.0,3,36,1.41984,1.194191932678,6.73061,8.68056,1000,-++--+--+-+-+++++++---+++
7,26,,1000,100,1.0,3,45,2.86245,0.456280469894,8.34614,7.51111,1000,+++---+++++++-++--+--+-+-+
7,27,,1000,100,1.0,3,37,6.11946,1.090510845184,11.7726,9.85135,1000,+++----+++-+++-+++-++-+--+-
7,28,,1000,100,1.0,3,50,13.2871,0.374526500702,19.1507,7.84,1000,-+--+-++-+++-+++-+++----+++-
7,29,,1000,100,1.0,3,62,29.2764,0.414043426514,35.2478,6.78226,1000,+-++--+--+-+-+-------+++--+++
8,1,,1000,100,1.0,3,0,0.00183919,0.000000000000,0.00193256,N/A,0,+
8,2,,1000,100,1.0,3,1,0.00127538,0.000000000000,0.130379,2,1000,++
8,3,,1000,100,1.0,3,1,0.00157952,0.000000000000,0.16949,4.5,1000,-++
8,4,,1000,100,1.0,3,2,0.00315402,0.000000000000,0.222135,4,1000,-+++
8,5,,1000,100,1.0,3,2,0.00653107,0.000490665436,0.264182,6.25,1000,---+-
8,6,,1000,100,1.0,3,7,0.0121706,0.000000000000,0.329072,2.57143,1000,---++-
8,7,,1000,100,1.0,3,3,0.0195752,0.000607013702,0.388252,8.16667,1000,---++-+
8,8,,1000,100,1.0,3,8,0.0359716,0.000000000000,0.460283,4,1000,+--+-+++
8,9,,1000,100,1.0,3,12,0.0482244,0.000000000000,0.553868,3.375,1000,+-+--++++
8,10,,1000,100,1.0,3,13,0.0715847,0.000942945480,0.667457,3.84615,1000,--++-+-+++
8,11,,1000,100,1.0,3,5,0.0861765,0.003755092621,0.849835,12.1,1000,+-++-+++---
8,12,,1000,100,1.0,3,10,0.122787,0.002844810486,1.51485,7.2,1000,----+-+--++-
8,13,,1000,100,1.0,3,6,0.150827,0.003807783127,3.46992,14.0833,1000,+-+-++--+++++
8,14,,1000,100,1.0,3,19,0.19641,0.000000000000,3.67124,5.15789,1000,-++--++-+-++++
8,15,,1000,100,1.0,3,15,0.253315,0.014936923981,3.89261,7.5,1000,-----++--++-+-+
8,16,,1000,100,1.0,3,24,0.297785,0.011904001236,4.10334,5.33333,1000,+-++-+---+++-+++
8,17,,1000,100,1.0,3,32,0.373823,0.012444734573,4.3506,4.51562,1000,+--++-+-++++++---
8,18,,1000,100,1.0,3,25,0.437394,0.012741327286,4.56231,6.48,1000,+++++-+--+-+++--++
8,19,,1000,100,1.0,3,29,0.523215,0.013242244720,4.8204,6.22414,1000,+---++--+-++++++-+-
8,20,,1000,100,1.0,3,26,0.610893,0.027108430862,5.06216,7.69231,1000,-+-+----+----++-++--
8,21,,1000,100,1.0,3,26,0.711979,0.218932867050,5.32766,8.48077,1000,--+++++++--++-+-+-++-
8,22,,1000,100,1.0,3,39,0.83269,0.005345582962,5.6406,6.20513,1000,+--+--++---+++++++-+-+
8,23,,1000,100,1.0,3,47,0.951779,0.110160112381,6.05407,5.62766,1000,+-++--+-+-++---++++++++
8,24,,1000,100,1.0,3,36,1.06118,0.886633872986,6.30835,8,1000,--++---++++++-+-+-++-++-
8,25,,1000,100,1.0,3,36,1.40806,1.551851987839,6.8113,8.68056,1000,-++--+--+-+-+++++++---+++
8,26,,1000,100,1.0,3,45,2.86186,0.027929782867,8.30477,7.51111,1000,+-++--+--+-+-+++++++---+++
8,27,,1000,100,1.0,3,37,6.16569,0.636357545853,11.7945,9.85135,1000,+-++-+--+---+---+---++++---
8,28,,1000,100,1.0,3,50,13.2821,1.316938161850,19.0742,7.84,1000,-+++----+++-+++-+++-++-+--+-
8,29,,1000,100,1.0,3,62,29.2584,0.995426177979,35.2355,6.78226,1000,-+--++-++-+-+-+++++++---++---
9,1,,1000,100,1.0,3,0,0.00184064,0.000000000000,0.00193041,N/A,0,+
9,2,,1000,100,1.0,3,1,0.00127853,0.000000000000,0.136389,2,1000,++
9,3,,1000,100,1.0,3,1,0.00169838,0.000000000000,0.170603,4.5,1000,-++
9,4,,1000,100,1.0,3,2,0.00321983,0.000000000000,0.212563,4,1000,-+++
9,5,,1000,100,1.0,3,2,0.00657509,0.000421524048,0.274092,6.25,1000,---+-
9,6,,1000,100,1.0,3,7,0.011549,0.000000000000,0.319615,2.57143,1000,+-++++
9,7,,1000,100,1.0,3,3,0.0195555,0.000634193420,0.392394,8.16667,1000,---++-+
9,8,,1000,100,1.0,3,8,0.0315342,0.000000000000,0.466293,4,1000,+--+-+++
9,9,,1000,100,1.0,3,12,0.045793,0.000000000000,0.552475,3.375,1000,+-+--++++
9,10,,1000,100,1.0,3,13,0.067547,0.001078367233,0.660102,3.84615,1000,++---+--+-
9,11,,1000,100,1.0,3,5,0.0890015,0.000000000000,0.865698,12.1,1000,-+--+---+++
9,12,,1000,100,1.0,3,10,0.116287,0.000000000000,1.52602,7.2,1000,+-+-++--++++
9,13,,1000,100,1.0,3,6,0.158252,0.043527603149,3.47256,14.0833,1000,+-+-++--+++++
9,14,,1000,100,1.0,3,19,0.195401,0.005413293839,3.6772,5.15789,1000,++++--++--+-+-
9,15,,1000,100,1.0,3,15,0.240942,0.026239871979,3.89362,7.5,1000,+-++-+++-+++---
9,16,,1000,100,1.0,3,24,0.311802,0.008083343506,4.11786,5.33333,1000,--++++++-+-++--+
9,17,,1000,100,1.0,3,32,0.36222,0.004499197006,4.30957,4.51562,1000,-+---+--+----++++
9,18,,1000,100,1.0,3,25,0.433556,0.041437387466,4.55268,6.48,1000,-++--++-+-++++----
9,19,,1000,100,1.0,3,29,0.520377,0.004863739014,4.81032,6.22414,1000,+-+------+-++--+++-
9,20,,1000,100,1.0,3,26,0.614218,0.739319801331,5.11044,7.69231,1000,+-+-++++-++++--+--++
9,21,,1000,100,1.0,3,26,0.707661,0.177606344223,5.33529,8.48077,1000,-++-+-+-++--+++++++--
9,22,,1000,100,1.0,3,39,0.809265,0.033907175064,5.6072,6.20513,1000,+-+-+--+--+++++++--+++
9,23,,1000,100,1.0,3,47,0.91964,0.035033464432,5.93349,5.62766,1000,--+--+--+-+-++++++---++
9,24,,1000,100,1.0,3,36,1.04904,0.005873680115,6.25222,8,1000,++--+++------+-+-+--+--+
9,25,,1000,100,1.0,3,36,1.40482,0.293181180954,6.7223,8.68056,1000,---+++-------+-+-++-++--+
9,26,,1000,100,1.0,3,45,2.85472,0.244836568832,8.35689,7.51111,1000,-+--+--+-+-+------+++--+++
9,27,,1000,100,1.0,3,37,6.09705,1.035899877548,11.7477,9.85135,1000,+-++-+--+---+---+---++++---
9,28,,1000,100,1.0,3,50,13.2947,0.139087915421,19.1007,7.84,1000,+-++-+--+---+---+---++++---+
9,29,,1000,100,1.0,3,62,29.2586,3.014205932617,35.2223,6.78226,1000,--+--+-++-+++-+++-+++----+++-
10,1,,1000,100,1.0,3,0,0.00176994,0.000000000000,0.00186068,N/A,0,+
10,2,,1000,100,1.0,3,1,0.00126628,0.000000000000,0.131064,2,1000,++
10,3,,1000,100,1.0,3,1,0.00156371,0.000000000000,0.169035,4.5,1000,-++
10,4,,1000,100,1.0,3,2,0.0034893,0.000000000000,0.221724,4,1000,-+++
10,5,,1000,100,1.0,3,2,0.00635888,0.000485897064,0.263168,6.25,1000,---+-
10,6,,1000,100,1.0,3,7,0.0117391,0.000000000000,0.327477,2.57143,1000,+-+++-
10,7,,1000,100,1.0,3,3,0.0194325,0.000569105148,0.383993,8.16667,1000,+++--+-
10,8,,1000,100,1.0,3,8,0.0380825,0.000709295273,0.464942,4,1000,+--+-+++
10,9,,1000,100,1.0,3,12,0.0454434,0.000000000000,0.549017,3.375,1000,+-+--++++
10,10,,1000,100,1.0,3,13,0.0704431,0.000000000000,0.670619,3.84615,1000,-+-++--+++
10,11,,1000,100,1.0,3,5,0.085987,0.005983591080,0.848484,12.1,1000,+++---+--+-
10,12,,1000,100,1.0,3,10,0.120512,0.003117799759,1.4916,7.2,1000,+-+-++--++++
10,13,,1000,100,1.0,3,6,0.152278,0.007107734680,3.46708,14.0833,1000,-+-+--++-----
10,14,,1000,100,1.0,3,19,0.199828,0.000000000000,3.67006,5.15789,1000,--++--+-+-++++
10,15,,1000,100,1.0,3,15,0.246614,0.004116296768,3.88811,7.5,1000,+++---+---+--+-
10,16,,1000,100,1.0,3,24,0.302059,0.000000000000,4.09872,5.33333,1000,+-++-+---+++-+++
10,17,,1000,100,1.0,3,32,0.361856,0.012283086777,4.3353,4.51562,1000,+--+---+----++++-
10,18,,1000,100,1.0,3,25,0.424626,0.012617826462,4.55752,6.48,1000,-++--++-+-++++----
10,19,,1000,100,1.0,3,29,0.51115,0.029849767685,4.78828,6.22414,1000,+-+------+-++--+++-
10,20,,1000,100,1.0,3,26,0.611297,0.004895687103,5.07363,7.69231,1000,++--+--++++-++++-+-+
10,21,,1000,100,1.0,3,26,0.703165,0.612811803818,5.32039,8.48077,1000,--+++++++--++-+-+-++-
10,22,,1000,100,1.0,3,39,0.808494,0.009927749634,5.60883,6.20513,1000,---++-------++-++-+-+-
10,23,,1000,100,1.0,3,47,0.925463,0.408692598343,5.92704,5.62766,1000,+-++--+-+-++---++++++++
10,24,,1000,100,1.0,3,36,1.02876,0.241828918457,6.19497,8,1000,++--+++------+-+-+--+--+
10,25,,1000,100,1.0,3,36,1.40861,0.864658355713,6.72781,8.68056,1000,+-++-++-+-+-++++++---++--
10,26,,1000,100,1.0,3,45,2.85494,0.169264793396,8.35446,7.51111,1000,++++++---++---+-+-+--+--+-
10,27,,1000,100,1.0,3,37,6.10733,2.500530242920,11.7545,9.85135,1000,+-++-+--+---+---+---++++---
10,28,,1000,100,1.0,3,50,13.2814,0.624159336090,19.1385,7.84,1000,++-++-+--+---+---+---++++---
10,29,,1000,100,1.0,3,62,29.2716,1.873737573624,35.2403,6.78226,1000,---++---+++++++-+-+-++-++--+-
11,1,,1000,100,1.0,3,0,0.00180958,0.000000000000,0.00190119,N/A,0,+
11,2,,1000,100,1.0,3,1,0.00128927,0.000000000000,0.130297,2,1000,++
11,3,,1000,100,1.0,3,1,0.00176806,0.000000000000,0.169738,4.5,1000,-++
11,4,,1000,100,1.0,3,2,0.00346364,0.000000000000,0.220515,4,1000,-+++
11,5,,1000,100,1.0,3,2,0.0063164,0.000430583954,0.263834,6.25,1000,+-+++
11,6,,1000,100,1.0,3,7,0.0114688,0.000000000000,0.32716,2.57143,1000,+-++++
11,7,,1000,100,1.0,3,3,0.0192535,0.000592947006,0.393694,8.16667,1000,---++-+
11,8,,1000,100,1.0,3,8,0.030981,0.000000000000,0.460406,4,1000,+--+-+++
11,9,,1000,100,1.0,3,12,0.0475077,0.000000000000,0.550383,3.375,1000,+-+--++++
11,10,,1000,100,1.0,3,13,0.0657427,0.000000000000,0.6533,3.84615,1000,-+-++--+++
11,11,,1000,100,1.0,3,5,0.087205,0.004412174225,0.833336,12.1,1000,-+--+---+++
11,12,,1000,100,1.0,3,10,0.117984,0.002779006958,1.48061,7.2,1000,-+-+++++--++
11,13,,1000,100,1.0,3,6,0.149985,0.038659334183,3.45849,14.0833,1000,+-+-++--+++++
11,14,,1000,100,1.0,3,19,0.188921,0.003813028336,3.66291,5.15789,1000,+-+------++--+
11,15,,1000,100,1.0,3,15,0.23698,0.018459558487,3.86378,7.5,1000,-----++--++-+-+
11,16,,1000,100,1.0,3,24,0.288642,0.004238605499,4.08886,5.33333,1000,+-++-+---+++-+++
11,17,,1000,100,1.0,3,32,0.35454,0.012321949005,4.32049,4.51562,1000,-++++----+---+--+
11,18,,1000,100,1.0,3,25,0.41512,0.021199464798,4.54334,6.48,1000,-----+-++-+---++--
11,19,,1000,100,1.0,3,29,0.51172,0.089609861374,4.76598,6.22414,1000,----+-+-++++--++-++
11,20,,1000,100,1.0,3,26,0.599276,0.062463283539,5.03435,7.69231,1000,-----+-+++-+--+++--+
11,21,,1000,100,1.0,3,26,0.698454,0.386196613312,5.33039,8.48077,1000,++-------++--+-+-+--+
11,22,,1000,100,1.0,3,39,0.811391,0.071989536285,5.60997,6.20513,1000,+++---++-+-+--++-+++++
11,23,,1000,100,1.0,3,47,0.903142,0.620439529419,5.91785,5.62766,1000,-+-+-+-++-++------++---
11,24,,1000,100,1.0,3,36,1.01798,0.031351089478,6.17142,8,1000,-++--+--+-+-+++++++---++
11,25,,1000,100,1.0,3,36,1.40423,0.301553964615,6.71219,8.68056,1000,+-++-++-+-+-++++++---++--
11,26,,1000,100,1.0,3,45,2.84899,0.280179738998,8.34327,7.51111,1000,------+++--+++-+-+-++-++-+
11,27,,1000,100,1.0,3,37,6.09833,0.623340368271,11.7516,9.85135,1000,+-++-+--+---+---+---++++---
11,28,,1000,100,1.0,3,50,13.2722,0.162041425705,19.0981,7.84,1000,+-++-+--+---+---+---++++---+
11,29,,1000,100,1.0,3,62,29.2558,0.142320394516,35.2251,6.78226,1000,+-++--+--+-+-+-------+++--+++
12,1,,1000,100,1.0,3,0,0.00178927,0.000000000000,0.00188102,N/A,0,+
12,2,,1000,100,1.0,3,1,0.00126299,0.000000000000,0.130735,2,1000,++
12,3,,1000,100,1.0,3,1,0.00184156,0.000000000000,0.169768,4.5,1000,-++
12,4,,1000,100,1.0,3,2,0.00338134,0.000000000000,0.220252,4,1000,-+++
12,5,,1000,100,1.0,3,2,0.00634429,0.000488519669,0.264623,6.25,1000,+-+++
12,6,,1000,100,1.0,3,7,0.0115473,0.000000000000,0.327248,2.57143,1000,+-++++
12,7,,1000,100,1.0,3,3,0.019195,0.000594615936,0.394945,8.16667,1000,---++-+
12,8,,1000,100,1.0,3,8,0.0310333,0.000000000000,0.457817,4,1000,+--+-+++
12,9,,1000,100,1.0,3,12,0.0501624,0.000000000000,0.549665,3.375,1000,+-+--++++
12,10,,1000,100,1.0,3,13,0.0725988,0.001007795334,0.668346,3.84615,1000,---+++-++-
12,11,,1000,100,1.0,3,5,0.0871351,0.000000000000,0.845096,12.1,1000,-+--+---+++
12,12,,1000,100,1.0,3,10,0.120085,0.000000000000,1.50326,7.2,1000,+--++-+-++++
12,13,,1000,100,1.0,3,6,0.148519,0.026857614517,3.47212,14.0833,1000,-----++--+-+-
12,14,,1000,100,1.0,3,19,0.197111,0.003876447678,3.65127,5.15789,1000,++--++-+-+----
12,15,,1000,100,1.0,3,15,0.245311,0.011473178864,3.88604,7.5,1000,+++++--++--+-+-
12,16,,1000,100,1.0,3,24,0.291832,0.004344940186,4.07962,5.33333,1000,-+---+--+----+++
12,17,,1000,100,1.0,3,32,0.355737,0.004392623901,4.31216,4.51562,1000,+----++++-+++-++-
12,18,,1000,100,1.0,3,25,0.4204,0.004559040070,4.52678,6.48,1000,+-+-++++----+--++-
12,19,,1000,100,1.0,3,29,0.507941,0.117921352386,4.76206,6.22414,1000,-+-++++++-+--++---+
12,20,,1000,100,1.0,3,26,0.596397,0.026937961578,5.02131,7.69231,1000,-++---++-+---+-+++++
12,21,,1000,100,1.0,3,26,0.696189,0.602380514145,5.30306,8.48077,1000,+--+-+-+--++-------++
12,22,,1000,100,1.0,3,39,0.801924,0.090381145477,5.55902,6.20513,1000,++++++---++-+-+-++--+-
12,23,,1000,100,1.0,3,47,0.904407,0.099139690399,5.89358,5.62766,1000,--+++------+-+-++-++-++
12,24,,1000,100,1.0,3,36,1.0194,0.536509275436,6.16856,8,1000,-++-++-+-+-++++++---++--
12,25,,1000,100,1.0,3,36,1.41146,1.179007053375,6.73165,8.68056,1000,+--++-++-+-+-------+++---
12,26,,1000,100,1.0,3,45,2.84623,0.179972887039,8.28641,7.51111,1000,-+--+--+-+-+------+++--+++
12,27,,1000,100,1.0,3,37,6.10377,1.099329710007,11.7079,9.85135,1000,+++----+++-+++-+++-++-+--+-
12,28,,1000,100,1.0,3,50,13.2822,0.274841785431,19.0685,7.84,1000,+---++++---+---+---+--+-++-+
12,29,,1000,100,1.0,3,62,29.2465,1.527045965195,35.2094,6.78226,1000,+++--+++-------+-+-+--+--++-+
13,1,,1000,100,1.0,3,0,0.00219912,0.000000000000,0.00230405,N/A,0,+
13,2,,1000,100,1.0,3,1,0.00126414,0.000000000000,0.131118,2,1000,++
13,3,,1000,100,1.0,3,1,0.00180845,0.000000000000,0.173814,4.5,1000,-++
13,4,,1000,100,1.0,3,2,0.00639279,0.000000000000,0.217534,4,1000,-+++
13,5,,1000,100,1.0,3,2,0.00625247,0.000453710556,0.263635,6.25,1000,+-+++
13,6,,1000,100,1.0,3,7,0.0115806,0.000000000000,0.328843,2.57143,1000,+-++++
13,7,,1000,100,1.0,3,3,0.019276,0.000614404678,0.394933,8.16667,1000,---++-+
13,8,,1000,100,1.0,3,8,0.0301471,0.000000000000,0.464749,4,1000,+--+-+++
13,9,,1000,100,1.0,3,12,0.0448356,0.000000000000,0.553854,3.375,1000,+-+--++++
13,10,,1000,100,1.0,3,13,0.0634565,0.000917911530,0.65624,3.84615,1000,--++-+-+++
13,11,,1000,100,1.0,3,5,0.0844028,0.001070976257,0.843786,12.1,1000,+++---+--+-
13,12,,1000,100,1.0,3,10,0.119595,0.000000000000,1.52229,7.2,1000,+-+-++--++++
13,13,,1000,100,1.0,3,6,0.144224,0.184316158295,3.45641,14.0833,1000,-----++--+-+-
13,14,,1000,100,1.0,3,19,0.189992,0.000000000000,3.67138,5.15789,1000,++--++-+-+++++
13,15,,1000,100,1.0,3,15,0.239966,0.102500200272,3.8869,7.5,1000,-+--+---+---+++
13,16,,1000,100,1.0,3,24,0.290079,0.004173040390,4.10878,5.33333,1000,-+---+--+----+++
13,17,,1000,100,1.0,3,32,0.35489,0.012423515320,4.30901,4.51562,1000,++++--++-++-+-+--
13,18,,1000,100,1.0,3,25,0.423236,0.012760162354,4.53818,6.48,1000,+--++--+-+----++++
13,19,,1000,100,1.0,3,29,0.547543,0.038738727570,4.83137,6.22414,1000,+---++--+-++++++-+-
13,20,,1000,100,1.0,3,26,0.596065,0.136960983276,5.04787,7.69231,1000,--++-++----+----+-+-
13,21,,1000,100,1.0,3,26,0.693795,0.347187757492,5.31161,8.48077,1000,++-------++--+-+-+--+
13,22,,1000,100,1.0,3,39,0.797633,0.222152471542,5.54518,6.20513,1000,------+++--+-+-+--++-+
13,23,,1000,100,1.0,3,47,0.900397,0.059487104416,5.89778,5.62766,1000,+---+++------+-+-++-++-
13,24,,1000,100,1.0,3,36,1.0115,0.579218149185,6.16398,8,1000,+--++-++-+-+-------+++--
13,25,,1000,100,1.0,3,36,1.39516,0.266221523285,6.69221,8.68056,1000,++--+++------+-+-+--+--+-
13,26,,1000,100,1.0,3,45,2.8563,0.162354946136,8.33706,7.51111,1000,+++---+++++++-++--+--+-+-+
13,27,,1000,100,1.0,3,37,6.10017,0.297145605087,11.741,9.85135,1000,-+--+-++-+++-+++-+++----+++
13,28,,1000,100,1.0,3,50,13.2841,0.023941993713,19.0766,7.84,1000,--+--+-++-+++-+++-+++----+++
13,29,,1000,100,1.0,3,62,29.2794,3.331665039062,35.2438,6.78226,1000,-+--++-++-+-+-+++++++---++---
14,1,,1000,100,1.0,3,0,0.00203222,0.000000000000,0.0021255,N/A,0,+
14,2,,1000,100,1.0,3,1,0.00126043,0.000000000000,0.130925,2,1000,++
14,3,,1000,100,1.0,3,1,0.00149373,0.000000000000,0.169557,4.5,1000,-++
14,4,,1000,100,1.0,3,2,0.00320832,0.000000000000,0.221736,4,1000,-+++
14,5,,1000,100,1.0,3,2,0.00636037,0.000447511673,0.261786,6.25,1000,---+-
14,6,,1000,100,1.0,3,7,0.0117409,0.000000000000,0.329699,2.57143,1000,+-++++
14,7,,1000,100,1.0,3,3,0.0191275,0.000611066818,0.393732,8.16667,1000,---++-+
14,8,,1000,100,1.0,3,8,0.0319285,0.000000000000,0.457198,4,1000,+--+-+++
14,9,,1000,100,1.0,3,12,0.0471005,0.000000000000,0.548488,3.375,1000,+-+--++++
14,10,,1000,100,1.0,3,13,0.0745407,0.000948905945,0.664346,3.84615,1000,--++-+-+++
14,11,,1000,100,1.0,3,5,0.0843421,0.000000000000,0.834169,12.1,1000,-+--+---+++
14,12,,1000,100,1.0,3,10,0.11092,0.001296520233,1.50175,7.2,1000,+-+-++--++++
14,13,,1000,100,1.0,3,6,0.142346,0.052653312683,3.44942,14.0833,1000,+-+-++--+++++
14,14,,1000,100,1.0,3,19,0.197633,0.003976345062,3.66414,5.15789,1000,--++--+-+-++++
14,15,,1000,100,1.0,3,15,0.243888,0.015128612518,3.88484,7.5,1000,+-+-++--++-----
14,16,,1000,100,1.0,3,24,0.294492,0.004262685776,4.08909,5.33333,1000,-++++----+---+--
14,17,,1000,100,1.0,3,32,0.367187,0.008312702179,4.37185,4.51562,1000,---++++++-+-++--+
14,18,,1000,100,1.0,3,25,0.454513,0.017481803894,4.5871,6.48,1000,+--++--+-+----++++
14,19,,1000,100,1.0,3,29,0.510354,0.004690647125,4.82622,6.22414,1000,----+-+-++++--++-++
14,20,,1000,100,1.0,3,26,0.598343,0.082835912704,5.04224,7.69231,1000,-+-+----+----++-++--
14,21,,1000,100,1.0,3,26,0.699463,0.128810882568,5.30543,8.48077,1000,++-------++--+-+-+--+
14,22,,1000,100,1.0,3,39,0.79744,0.010152101517,5.59321,6.20513,1000,-+-+-++-++-------++---
14,23,,1000,100,1.0,3,47,0.893744,0.288231611252,5.91565,5.62766,1000,-++-++++-++++---+-+++-+
14,24,,1000,100,1.0,3,36,1.00762,0.006143569946,6.14277,8,1000,-++-++-+-+-++++++---++--
14,25,,1000,100,1.0,3,36,1.41405,0.079241514206,6.72702,8.68056,1000,+++---+++++++-+-+--+--++-
14,26,,1000,100,1.0,3,45,2.85037,0.367817640305,8.36959,7.51111,1000,+-++-++-+-+-+++--+++------
14,27,,1000,100,1.0,3,37,6.11297,0.494323015213,11.751,9.85135,1000,---++++---+---+---+--+-++-+
14,28,,1000,100,1.0,3,50,13.3105,1.678395748138,19.1651,7.84,1000,+---++++---+---+---+--+-++-+
14,29,,1000,100,1.0,3,62,29.2768,1.687692880630,35.2467,6.78226,1000,+++--+++-------+-+-+--+--++-+
15,1,,1000,100,1.0,3,0,0.00176525,0.000000000000,0.0018567,N/A,0,+
15,2,,1000,100,1.0,3,1,0.00127446,0.000000000000,0.131346,2,1000,++
15,3,,1000,100,1.0,3,1,0.00172851,0.000000000000,0.170256,4.5,1000,-++
15,4,,1000,100,1.0,3,2,0.00331785,0.000000000000,0.222698,4,1000,-+++
15,5,,1000,100,1.0,3,2,0.00643304,0.000450849533,0.26346,6.25,1000,+-+++
15,6,,1000,100,1.0,3,7,0.0123122,0.000000000000,0.329386,2.57143,1000,+-+++-
15,7,,1000,100,1.0,3,3,0.019517,0.000579833984,0.394587,8.16667,1000,+++--+-
15,8,,1000,100,1.0,3,8,0.0312564,0.000000000000,0.46002,4,1000,+--+-+++
15,9,,1000,100,1.0,3,12,0.0550043,0.000000000000,0.555761,3.375,1000,+-+--++++
15,10,,1000,100,1.0,3,13,0.0691878,0.000884771347,0.658249,3.84615,1000,++++--+-+-
15,11,,1000,100,1.0,3,5,0.0849627,0.020331144333,0.843445,12.1,1000,---+++-++-+
15,12,,1000,100,1.0,3,10,0.122266,0.000000000000,1.52401,7.2,1000,+--++-+-++++
15,13,,1000,100,1.0,3,6,0.151572,0.007472276688,3.46008,14.0833,1000,+-+-++--+++++
15,14,,1000,100,1.0,3,19,0.1939,0.007366895676,3.67839,5.15789,1000,-+-+-----++--+
15,15,,1000,100,1.0,3,15,0.246883,0.032924652100,3.89501,7.5,1000,-----++--++-+-+
15,16,,1000,100,1.0,3,24,0.291865,0.004403114319,4.11136,5.33333,1000,-++++----+---+--
15,17,,1000,100,1.0,3,32,0.364099,0.004466056824,4.3348,4.51562,1000,++-+-+--+--++----
15,18,,1000,100,1.0,3,25,0.417545,0.004590511322,4.57048,6.48,1000,-+-++-+-----++--++
15,19,,1000,100,1.0,3,29,0.513202,0.060031414032,4.79515,6.22414,1000,--+--++----+-+-++++
15,20,,1000,100,1.0,3,26,0.592705,0.053310155869,5.08865,7.69231,1000,--++-++----+----+-+-
15,21,,1000,100,1.0,3,26,0.690073,0.189209461212,5.33548,8.48077,1000,++-------++--+-+-+--+
15,22,,1000,100,1.0,3,39,0.794289,0.153865337372,5.61499,6.20513,1000,-++-++--+++-------+-+-
15,23,,1000,100,1.0,3,47,0.938915,0.082658290863,5.98491,5.62766,1000,+---+++------+-+-++-++-
15,24,,1000,100,1.0,3,36,1.05107,0.339028120041,6.18963,8,1000,--+++-------+-+-++-++--+
15,25,,1000,100,1.0,3,36,1.43997,0.348250627518,6.71683,8.68056,1000,+--++-++-+-+-------+++---
15,26,,1000,100,1.0,3,45,2.86539,0.472261905670,8.31152,7.51111,1000,-+--+--+-+-+---++---++++++
15,27,,1000,100,1.0,3,37,6.1166,0.535924434662,11.7364,9.85135,1000,---++++---+---+---+--+-++-+
15,28,,1000,100,1.0,3,50,13.2924,0.018229961395,19.0634,7.84,1000,--+--+-++-+++-+++-+++----+++
15,29,,1000,100,1.0,3,66,29.2717,0.503106832504,35.2262,6.37121,1000,++-+++-+++-+-++-+-++-----++++
16,1,,1000,100,1.0,3,0,0.00226945,0.000000000000,0.00236658,N/A,0,+
16,2,,1000,100,1.0,3,1,0.00131056,0.000000000000,0.130147,2,1000,++
16,3,,1000,100,1.0,3,1,0.00174549,0.000000000000,0.176363,4.5,1000,-++
16,4,,1000,100,1.0,3,2,0.00355065,0.000000000000,0.211719,4,1000,-+++
16,5,,1000,100,1.0,3,2,0.00647038,0.000504016876,0.263281,6.25,1000,+-+++
16,6,,1000,100,1.0,3,7,0.0141575,0.000000000000,0.324314,2.57143,1000,+-+++-
16,7,,1000,100,1.0,3,3,0.019345,0.000621557236,0.389967,8.16667,1000,---++-+
16,8,,1000,100,1.0,3,8,0.0315205,0.000000000000,0.460771,4,1000,+--+-+++
16,9,,1000,100,1.0,3,12,0.0457283,0.000000000000,0.549961,3.375,1000,+-+--++++
16,10,,1000,100,1.0,3,13,0.0661434,0.000924110413,0.650918,3.84615,1000,++++-+--++
16,11,,1000,100,1.0,3,5,0.087542,0.004403352737,0.848628,12.1,1000,+-++-+++---
16,12,,1000,100,1.0,3,10,0.116484,0.000000000000,1.52459,7.2,1000,+-+-++--++++
16,13,,1000,100,1.0,3,6,0.157512,0.084806919098,3.43836,14.0833,1000,-----++--+-+-
16,14,,1000,100,1.0,3,19,0.197381,0.003814220428,3.63729,5.15789,1000,++++--++--+-+-
16,15,,1000,100,1.0,3,15,0.241208,0.036125898361,3.83841,7.5,1000,+++---+---+--+-
16,16,,1000,100,1.0,3,24,0.295293,0.004239082336,4.05798,5.33333,1000,------+++--++-+-
16,17,,1000,100,1.0,3,32,0.364557,0.004466295242,4.28865,4.51562,1000,+--+-+--++-----++
16,18,,1000,100,1.0,3,25,0.431141,0.004586935043,4.52216,6.48,1000,--++--+++++-+--+-+
16,19,,1000,100,1.0,3,29,0.51477,0.072041749954,4.77904,6.22414,1000,-+-++++++-+--++---+
16,20,,1000,100,1.0,3,26,0.615079,0.092741012573,5.03545,7.69231,1000,--++-++----+----+-+-
16,21,,1000,100,1.0,3,26,0.714776,0.212659120560,5.28006,8.48077,1000,++-------++--+-+-+--+
16,22,,1000,100,1.0,3,39,0.814566,0.009977817535,5.55169,6.20513,1000,-++-++--+++-------+-+-
16,23,,1000,100,1.0,3,47,0.927746,0.059619903564,5.88207,5.62766,1000,-++-++++-++++---+-+++-+
16,24,,1000,100,1.0,3,36,1.0462,0.082407951355,6.18884,8,1000,-++--+--+-+-+++++++---++
16,25,,1000,100,1.0,3,36,1.41754,0.157796621323,6.72043,8.68056,1000,+++---+++++++-+-+--+--++-
16,26,,1000,100,1.0,3,45,2.87217,0.054748296738,8.33898,7.51111,1000,+++--+++------+-+-+--+--+-
16,27,,1000,100,1.0,3,37,6.16323,0.932381868362,11.8012,9.85135,1000,+-++-+--+---+---+---++++---
16,28,,1000,100,1.0,3,50,13.2906,2.069908380508,19.0668,7.84,1000,-+++----+++-+++-+++-++-+--+-
16,29,,1000,100,1.0,3,62,29.2596,2.679807901382,35.1978,6.78226,1000,-+++----+++-+++-+++-++-+--+--
17,1,,1000,100,1.0,3,0,0.00238203,0.000000000000,0.00248342,N/A,0,+
17,2,,1000,100,1.0,3,1,0.00127433,0.000000000000,0.137045,2,1000,++
17,3,,1000,100,1.0,3,1,0.00205673,0.000000000000,0.168497,4.5,1000,-++
17,4,,1000,100,1.0,3,2,0.00357409,0.000000000000,0.211748,4,1000,-+++
17,5,,1000,100,1.0,3,2,0.00641689,0.000504255295,0.269686,6.25,1000,+-+++
17,6,,1000,100,1.0,3,7,0.0118674,0.000000000000,0.318583,2.57143,1000,+-++++
17,7,,1000,100,1.0,3,3,0.0237395,0.000651121140,0.388489,8.16667,1000,+-++---
17,8,,1000,100,1.0,3,8,0.0319343,0.000000000000,0.461908,4,1000,+--+-+++
17,9,,1000,100,1.0,3,12,0.0468351,0.000000000000,0.546421,3.375,1000,+-+--++++
17,10,,1000,100,1.0,3,13,0.066064,0.000000000000,0.650571,3.84615,1000,-+-++--+++
17,11,,1000,100,1.0,3,5,0.0919973,0.001056432724,0.857089,12.1,1000,+++---+--+-
17,12,,1000,100,1.0,3,10,0.117174,0.000000000000,1.50659,7.2,1000,-+-++--+++++
17,13,,1000,100,1.0,3,6,0.150705,0.013513326645,3.43721,14.0833,1000,-----++--+-+-
17,14,,1000,100,1.0,3,19,0.194584,0.000000000000,3.66271,5.15789,1000,++--++-+-+++++
17,15,,1000,100,1.0,3,15,0.233559,0.060119390488,3.79897,7.5,1000,+++---+---+--+-
17,16,,1000,100,1.0,3,24,0.283578,0.000000000000,4.00062,5.33333,1000,+-+--++---++++++
17,17,,1000,100,1.0,3,32,0.351585,0.008275032043,4.23287,4.51562,1000,+-+--+-+++---+---
17,18,,1000,100,1.0,3,25,0.418466,0.012511730194,4.45221,6.48,1000,++--++-----+-++-+-
17,19,,1000,100,1.0,3,29,0.533586,0.054789304733,4.76607,6.22414,1000,--+--++----+-+-++++
17,20,,1000,100,1.0,3,26,0.590476,0.314206123352,4.93653,7.69231,1000,-----+-+++-+--+++--+
17,21,,1000,100,1.0,3,26,0.679382,0.063636302948,5.19804,8.48077,1000,+--+-+-+--++-------++
17,22,,1000,100,1.0,3,39,0.780758,0.116688013077,5.4542,6.20513,1000,+-+-+--+--+++++++--+++
17,23,,1000,100,1.0,3,47,0.889519,0.213644027710,5.76802,5.62766,1000,++-++-++-+-+------+++--
17,24,,1000,100,1.0,3,36,0.999079,0.524794816971,6.0321,8,1000,--+++-------+-+-++-++--+
17,25,,1000,100,1.0,3,36,1.39437,0.662183046341,6.5691,8.68056,1000,-+--+--+-+-+------+++--++
17,26,,1000,100,1.0,3,45,2.86889,0.516263484955,8.32526,7.51111,1000,++++++---++---+-+-+--+--+-
17,27,,1000,100,1.0,3,37,6.12148,0.371177196503,11.7569,9.85135,1000,---++++---+---+---+--+-++-+
17,28,,1000,100,1.0,3,50,13.286,0.863844156265,19.0995,7.84,1000,+++----+++-+++-+++-++-+--+--
17,29,,1000,100,1.0,3,62,29.2638,0.682930707932,35.2001,6.78226,1000,--+--+-++-+++-+++-+++----+++-
18,1,,1000,100,1.0,3,0,0.00207999,0.000000000000,0.00218783,N/A,0,+
18,2,,1000,100,1.0,3,1,0.00126291,0.000000000000,0.130472,2,1000,++
18,3,,1000,100,1.0,3,1,0.00167785,0.000000000000,0.177575,4.5,1000,-++
18,4,,1000,100,1.0,3,2,0.00329054,0.000000000000,0.212738,4,1000,-+++
18,5,,1000,100,1.0,3,2,0.00645394,0.000446557999,0.272273,6.25,1000,+++-+
18,6,,1000,100,1.0,3,7,0.0118299,0.000000000000,0.31886,2.57143,1000,+-++++
18,7,,1000,100,1.0,3,3,0.019824,0.000617742538,0.393358,8.16667,1000,---++-+
18,8,,1000,100,1.0,3,8,0.0309928,0.000000000000,0.464781,4,1000,+--+-+++
18,9,,1000,100,1.0,3,12,0.0505221,0.000000000000,0.555954,3.375,1000,+-+--++++
18,10,,1000,100,1.0,3,13,0.0657261,0.000000000000,0.655392,3.84615,1000,++++-+--++
18,11,,1000,100,1.0,3,5,0.0868902,0.002109527588,0.861117,12.1,1000,---+++-++-+
18,12,,1000,100,1.0,3,10,0.118807,0.003202199936,1.51372,7.2,1000,-+-++--+++++
18,13,,1000,100,1.0,3,6,0.157836,0.000000000000,3.45548,14.0833,1000,+-+-++--+++++
18,14,,1000,100,1.0,3,19,0.191311,0.000000000000,3.66094,5.15789,1000,++--++-+-+++++
18,15,,1000,100,1.0,3,15,0.240776,0.007667541504,3.86431,7.5,1000,+++++--++--+-+-
18,16,,1000,100,1.0,3,24,0.294359,0.004259347916,4.0833,5.33333,1000,+-+++-++-++++---
18,17,,1000,100,1.0,3,32,0.36234,0.000000000000,4.3111,4.51562,1000,--+-+-++++--++-++
18,18,,1000,100,1.0,3,25,0.434646,0.004507541656,4.54305,6.48,1000,-++--++-+-++++----
18,19,,1000,100,1.0,3,29,0.520627,0.004756450653,4.79172,6.22414,1000,-+++--++-+------+-+
18,20,,1000,100,1.0,3,26,0.609609,0.074162960052,5.02509,7.69231,1000,++--+--++++-++++-+-+
18,21,,1000,100,1.0,3,26,0.715035,0.048973083496,5.32356,8.48077,1000,--+++++++--++-+-+-++-
18,22,,1000,100,1.0,3,39,0.812204,0.087452411652,5.56554,6.20513,1000,+-++--+-+-+--+++------
18,23,,1000,100,1.0,3,47,0.924066,0.083938121796,5.89736,5.62766,1000,+--+--+-+-++++++---+++-
18,24,,1000,100,1.0,3,36,1.04591,0.504305839539,6.18842,8,1000,-++--+--+-+-+++++++---++
18,25,,1000,100,1.0,3,36,1.41509,0.042703628540,6.71498,8.68056,1000,+-++-++-+-+-++++++---++--
18,26,,1000,100,1.0,3,45,2.87111,0.027651309967,8.31915,7.51111,1000,-++--+--+-+-+++++++---+++-
18,27,,1000,100,1.0,3,37,6.12196,0.583261489868,11.7833,9.85135,1000,---++++---+---+---+--+-++-+
18,28,,1000,100,1.0,3,50,13.3153,5.100198268890,19.1024,7.84,1000,++-++-+--+---+---+---++++---
18,29,,1000,100,1.0,3,62,29.2702,0.776239633560,35.202,6.78226,1000,--+--+-++-+++-+++-+++----+++-
19,1,,1000,100,1.0,3,0,0.0017922,0.000000000000,0.00188779,N/A,0,+
19,2,,1000,100,1.0,3,1,0.00132174,0.000000000000,0.129793,2,1000,++
19,3,,1000,100,1.0,3,1,0.00154307,0.000000000000,0.169118,4.5,1000,-++
19,4,,1000,100,1.0,3,2,0.00369002,0.000000000000,0.221928,4,1000,-+++
19,5,,1000,100,1.0,3,2,0.00672632,0.000503778458,0.263976,6.25,1000,---+-
19,6,,1000,100,1.0,3,7,0.0124995,0.000000000000,0.328062,2.57143,1000,+-+++-
19,7,,1000,100,1.0,3,3,0.0202342,0.000614881516,0.394828,8.16667,1000,+++--+-
19,8,,1000,100,1.0,3,8,0.0340692,0.000000000000,0.458411,4,1000,+--+-+++
19,9,,1000,100,1.0,3,12,0.056619,0.000000000000,0.554956,3.375,1000,+-+--++++
19,10,,1000,100,1.0,3,13,0.0719819,0.000000000000,0.660777,3.84615,1000,++--+-++++
19,11,,1000,100,1.0,3,5,0.0852229,0.001202344894,0.837392,12.1,1000,-+--+---+++
19,12,,1000,100,1.0,3,10,0.119412,0.000000000000,1.48832,7.2,1000,+-+-++--++++
19,13,,1000,100,1.0,3,6,0.153189,0.003845453262,3.46857,14.0833,1000,+++++--++-+-+
19,14,,1000,100,1.0,3,19,0.195368,0.003937721252,3.66666,5.15789,1000,+-+-++--++++++
19,15,,1000,100,1.0,3,15,0.254033,0.015009880066,3.8932,7.5,1000,+-+-++--++-----
19,16,,1000,100,1.0,3,24,0.292589,0.015547513962,4.06704,5.33333,1000,++-+++-++++----+
19,17,,1000,100,1.0,3,32,0.364698,0.004525423050,4.32175,4.51562,1000,+------+-++--+++-
19,18,,1000,100,1.0,3,25,0.429461,0.008909940720,4.5457,6.48,1000,--++--+++++-+--+-+
19,19,,1000,100,1.0,3,29,0.516114,0.017359256744,4.79401,6.22414,1000,--+--++----+-+-++++
19,20,,1000,100,1.0,3,26,0.598733,0.005011796951,5.03333,7.69231,1000,-+-+----+----++-++--
19,21,,1000,100,1.0,3,26,0.70631,0.023549318314,5.29657,8.48077,1000,-++-+-+-++--+++++++--
19,22,,1000,100,1.0,3,39,0.801736,0.206631660461,5.54229,6.20513,1000,---++-------++-++-+-+-
19,23,,1000,100,1.0,3,47,0.920673,0.005658864975,5.91106,5.62766,1000,-+--++-+-+--+++--------
19,24,,1000,100,1.0,3,36,1.04988,0.031591892242,6.19707,8,1000,-++--+--+-+-+++++++---++
19,25,,1000,100,1.0,3,36,1.45193,0.141563177109,6.74996,8.68056,1000,++--+++------+-+-+--+--+-
19,26,,1000,100,1.0,3,45,2.86626,0.211424589157,8.34199,7.51111,1000,++--+++------+-+-+--+--+--
19,27,,1000,100,1.0,3,37,6.10929,4.599850893021,11.7382,9.85135,1000,+-++-+--+---+---+---++++---
19,28,,1000,100,1.0,3,50,13.2811,2.632566213608,19.0833,7.84,1000,-+--+-++-+++-+++-+++----+++-
19,29,,1000,100,1.0,3,62,29.2522,1.149794816971,35.2115,6.78226,1000,--+--+-++-+++-+++-+++----+++-
20,1,,1000,100,1.0,3,0,0.00215844,0.000000000000,0.00225611,N/A,0,+
20,2,,1000,100,1.0,3,1,0.00132319,0.000000000000,0.130797,2,1000,++
20,3,,1000,100,1.0,3,1,0.00191158,0.000000000000,0.176422,4.5,1000,-++
20,4,,1000,100,1.0,3,2,0.00345864,0.000000000000,0.212752,4,1000,-+++
20,5,,1000,100,1.0,3,2,0.00635768,0.000505924225,0.264765,6.25,1000,---+-
20,6,,1000,100,1.0,3,7,0.0140917,0.000000000000,0.321932,2.57143,1000,+-+++-
20,7,,1000,100,1.0,3,3,0.0193144,0.001015663147,0.391622,8.16667,1000,+-++---
20,8,,1000,100,1.0,3,8,0.0311724,0.000000000000,0.466102,4,1000,+--+-+++
20,9,,1000,100,1.0,3,12,0.0468025,0.000000000000,0.549942,3.375,1000,+-+--++++
20,10,,1000,100,1.0,3,13,0.0661533,0.000000000000,0.655667,3.84615,1000,-+-++--+++
20,11,,1000,100,1.0,3,5,0.0871085,0.001099348068,0.840573,12.1,1000,-+--+---+++
20,12,,1000,100,1.0,3,10,0.126057,0.001609802246,1.49108,7.2,1000,-+-+--++----
20,13,,1000,100,1.0,3,6,0.159141,0.030163526535,3.44524,14.0833,1000,-+-+--++-----
20,14,,1000,100,1.0,3,19,0.190361,0.004005908966,3.63781,5.15789,1000,++--++-+-+----
20,15,,1000,100,1.0,3,15,0.245988,0.000000000000,3.87176,7.5,1000,-+-+--++--+++++
20,16,,1000,100,1.0,3,24,0.293302,0.008002996445,4.07694,5.33333,1000,-++++----+---+--
20,17,,1000,100,1.0,3,32,0.357618,0.004405260086,4.29203,4.51562,1000,----++--+--+-+-++
20,18,,1000,100,1.0,3,25,0.422289,0.008701324463,4.51684,6.48,1000,+-+-++++----+--++-
20,19,,1000,100,1.0,3,29,0.513549,0.017595291138,4.77777,6.22414,1000,-+-++++++-+--++---+
20,20,,1000,100,1.0,3,26,0.59712,0.062051296234,4.99371,7.69231,1000,-+-+----+----++-++--
20,21,,1000,100,1.0,3,26,0.700156,0.239045381546,5.28331,8.48077,1000,-++-+-+-++--+++++++--
20,22,,1000,100,1.0,3,39,0.800601,0.052118778229,5.66603,6.20513,1000,+-+-+++++++---++--+--+
20,23,,1000,100,1.0,3,47,0.96207,0.036267518997,5.97203,5.62766,1000,+--+--+-+-++++++---+++-
20,24,,1000,100,1.0,3,36,1.02931,0.234427213669,6.2505,8,1000,+--++-++-+-+-------+++--
20,25,,1000,100,1.0,3,36,1.4111,0.767360687256,6.77808,8.68056,1000,+-++-++-+-+-++++++---++--
20,26,,1000,100,1.0,3,45,2.94407,0.098792076111,8.43577,7.51111,1000,-+--+--+-+-+---++---++++++
20,27,,1000,100,1.0,3,37,6.19925,3.247997999191,11.8602,9.85135,1000,---++++---+---+---+--+-++-+
20,28,,1000,100,1.0,3,50,13.3497,0.029806137085,19.1289,7.84,1000,---++++---+---+---+--+-++-++
20,29,,1000,100,1.0,3,66,29.288,0.106173992157,35.1952,6.37121,1000,+---+---+-----+++++--+-+--+-+
21,1,,1000,100,1.0,3,0,0.00218573,0.000000000000,0.00228135,N/A,0,+
21,2,,1000,100,1.0,3,1,0.00126982,0.000000000000,0.129369,2,1000,++
21,3,,1000,100,1.0,3,1,0.0018621,0.000000000000,0.167992,4.5,1000,-++
21,4,,1000,100,1.0,3,2,0.00335038,0.000000000000,0.217561,4,1000,-+++
21,5,,1000,100,1.0,3,2,0.00619831,0.000462532043,0.262057,6.25,1000,+-+++
21,6,,1000,100,1.0,3,7,0.0118385,0.000000000000,0.324857,2.57143,1000,+-++++
21,7,,1000,100,1.0,3,3,0.0190535,0.000632047653,0.386655,8.16667,1000,-+--+++
21,8,,1000,100,1.0,3,8,0.0321697,0.000000000000,0.455543,4,1000,+--+-+++
21,9,,1000,100,1.0,3,12,0.0455019,0.000000000000,0.546306,3.375,1000,+-+--++++
21,10,,1000,100,1.0,3,13,0.070467,0.000000000000,0.657177,3.84615,1000,-+-+--++++
21,11,,1000,100,1.0,3,5,0.0878126,0.000000000000,0.837763,12.1,1000,-+--+---+++
21,12,,1000,100,1.0,3,10,0.115426,0.000000000000,1.50264,7.2,1000,+--++-+-++++
21,13,,1000,100,1.0,3,6,0.149045,0.013543128967,3.42013,14.0833,1000,-+-+--++-----
21,14,,1000,100,1.0,3,19,0.195735,0.004007339478,3.63349,5.15789,1000,-++--++++++-+-
21,15,,1000,100,1.0,3,15,0.242578,0.004101753235,3.82542,7.5,1000,-----++--++-+-+
21,16,,1000,100,1.0,3,24,0.298524,0.004241704941,4.04754,5.33333,1000,+-+--++---++++++
21,17,,1000,100,1.0,3,32,0.354958,0.013965368271,4.28276,4.51562,1000,-+---+--+----++++
21,18,,1000,100,1.0,3,25,0.430621,0.004618883133,4.50321,6.48,1000,+-+--+-+++++--++--
21,19,,1000,100,1.0,3,29,0.511629,0.034358739853,4.74905,6.22414,1000,++++-+-+----++--+--
21,20,,1000,100,1.0,3,26,0.602019,0.360072374344,5.01877,7.69231,1000,+++++-+---+-++---++-
21,21,,1000,100,1.0,3,26,0.684116,0.018809795380,5.2824,8.48077,1000,-++-+-+-++--+++++++--
21,22,,1000,100,1.0,3,39,0.782552,0.005298614502,5.52394,6.20513,1000,++++++---++-+-+-++--+-
21,23,,1000,100,1.0,3,47,0.888708,0.135965585709,5.85705,5.62766,1000,+++--++++++--+--+-+-+-+
21,24,,1000,100,1.0,3,36,1.00368,0.118943691254,6.12126,8,1000,-++--+--+-+-+++++++---++
21,25,,1000,100,1.0,3,36,1.40567,0.440228939056,6.68662,8.68056,1000,+-++-++-+-+-++++++---++--
21,26,,1000,100,1.0,3,45,2.85416,0.022383689880,8.30695,7.51111,1000,-+-+-++-++--+-------+++---
21,27,,1000,100,1.0,3,37,6.09939,3.607712507248,11.6934,9.85135,1000,+-++-+--+---+---+---++++---
21,28,,1000,100,1.0,3,58,13.2953,0.144313573837,19.0913,6.75862,1000,---++---++++++-+-+-++-++-++-
21,29,,1000,100,1.0,3,62,29.2454,0.151362419128,35.1661,6.78226,1000,--+--+-++-+++-+++-+++----+++-
22,1,,1000,100,1.0,3,0,0.00178259,0.000000000000,0.00187916,N/A,0,+
22,2,,1000,100,1.0,3,1,0.00128329,0.000000000000,0.128871,2,1000,++
22,3,,1000,100,1.0,3,1,0.00182909,0.000000000000,0.175308,4.5,1000,-++
22,4,,1000,100,1.0,3,2,0.00372324,0.000000000000,0.211467,4,1000,-+++
22,5,,1000,100,1.0,3,2,0.00654599,0.000429153442,0.268915,6.25,1000,---+-
22,6,,1000,100,1.0,3,7,0.012123,0.000000000000,0.317358,2.57143,1000,+-++++
22,7,,1000,100,1.0,3,3,0.0199695,0.001331806183,0.389516,8.16667,1000,---++-+
22,8,,1000,100,1.0,3,8,0.0316046,0.000000000000,0.461038,4,1000,+--+-+++
22,9,,1000,100,1.0,3,12,0.0473144,0.000000000000,0.549411,3.375,1000,+-+--++++
22,10,,1000,100,1.0,3,13,0.0656322,0.000000000000,0.651202,3.84615,1000,-+-+--++++
22,11,,1000,100,1.0,3,5,0.0910284,0.007041454315,0.848681,12.1,1000,-+--+---+++
22,12,,1000,100,1.0,3,10,0.11627,0.002608060837,1.48817,7.2,1000,+-+-++--++++
22,13,,1000,100,1.0,3,6,0.156042,0.013383388519,3.43179,14.0833,1000,-----++--+-+-
22,14,,1000,100,1.0,3,19,0.194308,0.000000000000,3.65009,5.15789,1000,++--++-+-+++++
22,15,,1000,100,1.0,3,15,0.250086,0.039748668671,3.83856,7.5,1000,+++++--++--+-+-
22,16,,1000,100,1.0,3,24,0.291582,0.000000000000,4.03735,5.33333,1000,+----++++-+++-++
22,17,,1000,100,1.0,3,32,0.361918,0.008607149124,4.2712,4.51562,1000,-+--+-+-+++++--++
22,18,,1000,100,1.0,3,25,0.418365,0.020713806152,4.49412,6.48,1000,--++--+++++-+--+-+
22,19,,1000,100,1.0,3,29,0.497141,0.116862058640,4.75487,6.22414,1000,--+--++----+-+-++++
22,20,,1000,100,1.0,3,26,0.586593,0.014504909515,5.00634,7.69231,1000,-----+-+++-+--+++--+
22,21,,1000,100,1.0,3,26,0.676323,0.091622352600,5.26676,8.48077,1000,-++-+-+-++--+++++++--
22,22,,1000,100,1.0,3,39,0.777549,0.023963689804,5.50805,6.20513,1000,+-++-++------++---+-+-
22,23,,1000,100,1.0,3,47,0.891214,0.010439872742,5.84878,5.62766,1000,-++-++-+-+------+++---+
22,24,,1000,100,1.0,3,36,1.01523,0.568889617920,6.11984,8,1000,--++---++++++-+-+-++-++-
22,25,,1000,100,1.0,3,36,1.40917,0.021524190903,6.67165,8.68056,1000,-++--+--+-+-+++++++---+++
22,26,,1000,100,1.0,3,45,2.86697,0.173061609268,8.32316,7.51111,1000,+---+++-------+-+-++-++--+
22,27,,1000,100,1.0,3,37,6.12126,0.351624488831,11.7231,9.85135,1000,+-++-+--+---+---+---++++---
22,28,,1000,100,1.0,3,50,13.2621,1.850005626678,19.05,7.84,1000,+++----+++-+++-+++-++-+--+--
22,29,,1000,100,1.0,3,66,29.2588,0.287072658539,35.1644,6.37121,1000,+-+-++++--+++-------++-++--+-
23,1,,1000,100,1.0,3,0,0.00226942,0.000000000000,0.00236607,N/A,0,+
23,2,,1000,100,1.0,3,1,0.00127773,0.000000000000,0.129345,2,1000,++
23,3,,1000,100,1.0,3,1,0.00193383,0.000000000000,0.174207,4.5,1000,-++
23,4,,1000,100,1.0,3,2,0.00344859,0.000000000000,0.213727,4,1000,-+++
23,5,,1000,100,1.0,3,2,0.00629427,0.000485658646,0.262387,6.25,1000,+-+++
23,6,,1000,100,1.0,3,7,0.0116313,0.000000000000,0.323598,2.57143,1000,+-++++
23,7,,1000,100,1.0,3,3,0.019314,0.000587701797,0.389199,8.16667,1000,---++-+
23,8,,1000,100,1.0,3,8,0.0299245,0.000000000000,0.458478,4,1000,+--+-+++
23,9,,1000,100,1.0,3,12,0.0447863,0.000000000000,0.545923,3.375,1000,+-+--++++
23,10,,1000,100,1.0,3,13,0.0631386,0.000000000000,0.649345,3.84615,1000,--++-+-+++
23,11,,1000,100,1.0,3,5,0.0841562,0.002625226974,0.845895,12.1,1000,+++---+--+-
23,12,,1000,100,1.0,3,10,0.11799,0.002341985703,1.4914,7.2,1000,+--++-+-++++
23,13,,1000,100,1.0,3,6,0.147661,0.111804723740,3.42542,14.0833,1000,+-+-++--+++++
23,14,,1000,100,1.0,3,19,0.188426,0.000000000000,3.62624,5.15789,1000,++--++-+-+++++
23,15,,1000,100,1.0,3,15,0.239047,0.053773164749,3.82915,7.5,1000,+++++--++--+-+-
23,16,,1000,100,1.0,3,24,0.284059,0.018746376038,4.02844,5.33333,1000,----++--+--+-+-+
23,17,,1000,100,1.0,3,32,0.350191,0.027791261673,4.27159,4.51562,1000,-+-++--+++------+
23,18,,1000,100,1.0,3,25,0.410827,0.004640102386,4.49744,6.48,1000,+++++-+--+-+++--++
23,19,,1000,100,1.0,3,29,0.49486,0.073987483978,4.72558,6.22414,1000,--+--++----+-+-++++
23,20,,1000,100,1.0,3,26,0.579783,0.036860942841,5.00114,7.69231,1000,+--+++--+-+++-+-----
23,21,,1000,100,1.0,3,26,0.680103,0.046163797379,5.25535,8.48077,1000,+--+-+-+--++-------++
23,22,,1000,100,1.0,3,39,0.778461,0.038262128830,5.51298,6.20513,1000,+--+--++---+++++++-+-+
23,23,,1000,100,1.0,3,47,0.910259,0.231089591980,5.86058,5.62766,1000,--+--+--+-+-++++++---++
23,24,,1000,100,1.0,3,36,1.00742,0.183133363724,6.11574,8,1000,+--++-++-+-+-------+++--
23,25,,1000,100,1.0,3,36,1.39561,0.042620182037,6.71135,8.68056,1000,--++---++++++-+-+-++-++-+
23,26,,1000,100,1.0,3,45,2.84558,0.292789459229,8.27216,7.51111,1000,-+--+--+-+-+---++---++++++
23,27,,1000,100,1.0,3,37,6.09627,0.607195377350,11.7057,9.85135,1000,+-++-+--+---+---+---++++---
23,28,,1000,100,1.0,3,50,13.2798,0.341851949692,19.0364,7.84,1000,+++----+++-+++-+++-++-+--+--
23,29,,1000,100,1.0,3,66,29.3168,0.899931907654,35.2609,6.37121,1000,+-+--+-+--+++++-----+---+---+
24,1,,1000,100,1.0,3,0,0.00205956,0.000000000000,0.00215493,N/A,0,+
24,2,,1000,100,1.0,3,1,0.00130803,0.000000000000,0.138928,2,1000,++
24,3,,1000,100,1.0,3,1,0.00144086,0.000000000000,0.168507,4.5,1000,-++
24,4,,1000,100,1.0,3,2,0.00310842,0.000000000000,0.213716,4,1000,-+++
24,5,,1000,100,1.0,3,2,0.00607508,0.000458002090,0.273474,6.25,1000,+-+++
24,6,,1000,100,1.0,3,7,0.0118705,0.000000000000,0.319003,2.57143,1000,+-+++-
24,7,,1000,100,1.0,3,3,0.0215436,0.000607013702,0.391262,8.16667,1000,---++-+
24,8,,1000,100,1.0,3,8,0.0299487,0.000000000000,0.463731,4,1000,+--+-+++
24,9,,1000,100,1.0,3,12,0.0446839,0.000000000000,0.552659,3.375,1000,+-+--++++
24,10,,1000,100,1.0,3,13,0.0645425,0.000000000000,0.655228,3.84615,1000,-+-+--++++
24,11,,1000,100,1.0,3,5,0.084747,0.002480268478,0.848507,12.1,1000,-+--+---+++
24,12,,1000,100,1.0,3,10,0.108758,0.009141683578,1.48424,7.2,1000,----+-+--++-
24,13,,1000,100,1.0,3,6,0.140342,0.023511409760,3.43018,14.0833,1000,-+-+--++-----
24,14,,1000,100,1.0,3,19,0.181986,0.003932952881,3.66165,5.15789,1000,-++--++-+-++++
24,15,,1000,100,1.0,3,15,0.231106,0.014729738235,3.86721,7.5,1000,+++---+---+--+-
24,16,,1000,100,1.0,3,24,0.292899,0.008079528809,4.08343,5.33333,1000,------+++--++-+-
24,17,,1000,100,1.0,3,32,0.347696,0.004559993744,4.31086,4.51562,1000,+------+++--++-+-
24,18,,1000,100,1.0,3,25,0.404127,0.008742094040,4.52314,6.48,1000,++++----+-+--++--+
24,19,,1000,100,1.0,3,29,0.495504,0.008749961853,4.75201,6.22414,1000,-+++--++-+------+-+
24,20,,1000,100,1.0,3,26,0.578691,0.061968326569,4.99369,7.69231,1000,+++++-+---+-++---++-
24,21,,1000,100,1.0,3,26,0.669743,0.009786844254,5.25833,8.48077,1000,--+++++++--++-+-+-++-
24,22,,1000,100,1.0,3,39,0.774608,0.014751195908,5.55192,6.20513,1000,+-+-+++++++---++--+--+
24,23,,1000,100,1.0,3,47,0.908472,0.243183851242,5.94374,5.62766,1000,+--+----+----+++-+---+-
24,24,,1000,100,1.0,3,36,1.01475,0.010677099228,6.1415,8,1000,++--+++------+-+-+--+--+
24,25,,1000,100,1.0,3,36,1.3847,0.094871044159,6.68174,8.68056,1000,---+++-------+-+-++-++--+
24,26,,1000,100,1.0,3,45,2.84174,0.138449907303,8.33959,7.51111,1000,++-++-++-+-+-++++++---++--
24,27,,1000,100,1.0,3,37,6.09099,0.101139783859,11.7515,9.85135,1000,+-++-+--+---+---+---++++---
24,28,,1000,100,1.0,3,50,13.2728,0.035056114197,19.089,7.84,1000,+-++-+--+---+---+---++++---+
24,29,,1000,100,1.0,3,62,29.2721,0.082571268082,35.2136,6.78226,1000,---++---+++++++-+-+-++-++--+-
25,1,,1000,100,1.0,3,0,0.00204833,0.000000000000,0.00214025,N/A,0,+
25,2,,1000,100,1.0,3,1,0.00128498,0.000000000000,0.138364,2,1000,++
25,3,,1000,100,1.0,3,1,0.00177727,0.000000000000,0.168124,4.5,1000,-++
25,4,,1000,100,1.0,3,2,0.00335505,0.000000000000,0.211675,4,1000,-+++
25,5,,1000,100,1.0,3,2,0.00603498,0.000436067581,0.269892,6.25,1000,+-+++
25,6,,1000,100,1.0,3,7,0.0111084,0.000000000000,0.321804,2.57143,1000,+-+++-
25,7,,1000,100,1.0,3,3,0.0237225,0.000567913055,0.386186,8.16667,1000,-+--+++
25,8,,1000,100,1.0,3,8,0.0298217,0.000000000000,0.462287,4,1000,+--+-+++
25,9,,1000,100,1.0,3,12,0.0450836,0.000000000000,0.548567,3.375,1000,+-+--++++
25,10,,1000,100,1.0,3,13,0.0630251,0.000876903534,0.653127,3.84615,1000,-+--+---++
25,11,,1000,100,1.0,3,5,0.0838474,0.006342411041,0.850933,12.1,1000,+++---+--+-
25,12,,1000,100,1.0,3,10,0.108617,0.004258632660,1.53291,7.2,1000,++--+++++-+-
25,13,,1000,100,1.0,3,6,0.142571,0.016705513000,3.4528,14.0833,1000,-----++--+-+-
25,14,,1000,100,1.0,3,19,0.179764,0.003875732422,3.66949,5.15789,1000,-+-++--++++++-
25,15,,1000,100,1.0,3,15,0.229449,0.011275768280,3.87074,7.5,1000,-+--+---+---+++
25,16,,1000,100,1.0,3,24,0.291483,0.008112430573,4.07051,5.33333,1000,++++++---++--+-+
25,17,,1000,100,1.0,3,32,0.347596,0.004434347153,4.30756,4.51562,1000,+--+-+--++-----++
25,18,,1000,100,1.0,3,25,0.415025,0.010726213455,4.52887,6.48,1000,++++----+-+--++--+
25,19,,1000,100,1.0,3,29,0.512137,0.102524757385,4.79488,6.22414,1000,+---++--+-++++++-+-
25,20,,1000,100,1.0,3,26,0.587715,0.196140766144,5.02407,7.69231,1000,-+-+----+----++-++--
25,21,,1000,100,1.0,3,26,0.677381,0.489117145538,5.27526,8.48077,1000,-++-+-+-++--+++++++--
25,22,,1000,100,1.0,3,39,0.774481,0.043092489243,5.54313,6.20513,1000,-+-+-++-++-------++---
25,23,,1000,100,1.0,3,47,0.873859,0.140146493912,5.87169,5.62766,1000,+-++--+-+-++---++++++++
25,24,,1000,100,1.0,3,36,0.99158,0.601705312729,6.15084,8,1000,-++--+--+-+-+++++++---++
25,25,,1000,100,1.0,3,36,1.39516,0.116177558899,6.73044,8.68056,1000,+--++-++-+-+-------+++---
25,26,,1000,100,1.0,3,45,2.8331,0.606253623962,8.29872,7.51111,1000,---+++-------+--++-++-+-+-
25,27,,1000,100,1.0,3,37,6.09008,0.736105918884,11.7442,9.85135,1000,-+--+-++-+++-+++-+++----+++
25,28,,1000,100,1.0,3,50,13.2795,1.197525024414,19.0778,7.84,1000,-+--+-++-+++-+++-+++----+++-
25,29,,1000,100,1.0,3,62,29.2488,0.507313251495,35.1771,6.78226,1000,-+--++-++-+-+-+++++++---++---
